-- server/data/products/*.json 기반으로 만들었습니다


SET FOREIGN_KEY_CHECKS = 0;

DELETE FROM product_dates;
DELETE FROM products;
DELETE FROM regions WHERE region_id IN (1, 2, 3, 4);

INSERT INTO regions (region_id, region_name, display_order, status) VALUES
  (1, '서울', 1, 'ACTIVE'),
  (2, '부산', 2, 'ACTIVE'),
  (3, '제주', 3, 'ACTIVE'),
  (4, '강릉', 4, 'ACTIVE')
ON DUPLICATE KEY UPDATE
  region_name = VALUES(region_name),
  display_order = VALUES(display_order),
  status = VALUES(status);

INSERT INTO products (
  product_id,
  external_product_id,
  region_id,
  title,
  image_url,
  address,
  satisfaction,
  review_count,
  bookings,
  duration,
  price_per_person,
  languages,
  itinerary,
  status,
  created_at,
  updated_at
) VALUES
  (
    1,
    'seoul-1',
    1,
    '가회동성당',
    'https://tong.visitkorea.or.kr/cms/resource/09/3303909_image2_1.jpg',
    '서울특별시 종로구 북촌로 57 (가회동)',
    4.3,
    377,
    289,
    '2시간',
    17000,
    '["한국어","영어","중국어"]',
    '["가회동성당 정문 집합","내부 관람 및 해설 투어","주변 연계 코스 안내"]',
    'ACTIVE',
    NOW(),
    NOW()
  ),
  (
    2,
    'seoul-2',
    1,
    '간데메공원',
    'https://tong.visitkorea.or.kr/cms/resource/80/3505480_image2_1.jpg',
    '서울특별시 동대문구 서울시립대로2길 59 (답십리동)',
    4.3,
    355,
    1052,
    '1.5시간',
    24000,
    '["한국어","영어","일본어","중국어"]',
    '["간데메공원 정문 집합","내부 관람 및 해설 투어","주변 연계 코스 안내"]',
    'ACTIVE',
    NOW(),
    NOW()
  ),
  (
    3,
    'seoul-3',
    1,
    '간송옛집',
    'https://tong.visitkorea.or.kr/cms/resource/81/3483081_image2_1.jpg',
    '서울특별시 도봉구 시루봉로 149-18 (방학동)',
    4.7,
    356,
    799,
    '3시간',
    16000,
    '["한국어","영어","일본어"]',
    '["간송옛집 집합 및 투어 안내","주요 관람 포인트 둘러보기","해설 및 자유 관람 마무리"]',
    'ACTIVE',
    NOW(),
    NOW()
  ),
  (
    4,
    'seoul-4',
    1,
    '갈산공원',
    'https://tong.visitkorea.or.kr/cms/resource/90/3467490_image2_1.jpg',
    '서울특별시 양천구 신정동 162-56',
    4.6,
    114,
    1418,
    '1시간',
    29000,
    '["한국어","영어","일본어"]',
    '["집합 장소 안내","갈산공원 관람","Q&A 및 마무리"]',
    'ACTIVE',
    NOW(),
    NOW()
  ),
  (
    5,
    'seoul-5',
    1,
    '감로암(서울)',
    'https://tong.visitkorea.or.kr/cms/resource/22/3481922_image2_1.jpg',
    '서울특별시 종로구 율곡로23길 16 (충신동)',
    4.3,
    245,
    598,
    '3시간',
    22000,
    '["한국어","영어","중국어"]',
    '["집합 장소 안내","감로암(서울) 관람","Q&A 및 마무리"]',
    'ACTIVE',
    NOW(),
    NOW()
  ),
  (
    6,
    'seoul-6',
    1,
    '강남',
    'https://tong.visitkorea.or.kr/cms/resource/08/1984608_image2_1.jpg',
    '서울특별시 강남구 압구정로 161 (압구정동)',
    4.4,
    55,
    584,
    '2시간',
    39000,
    '["한국어"]',
    '["강남 도착 및 입장","전경 감상 및 사진 촬영","주변 산책 및 휴식"]',
    'ACTIVE',
    NOW(),
    NOW()
  ),
  (
    7,
    'seoul-7',
    1,
    '강남 마이스 관광특구',
    'https://tong.visitkorea.or.kr/cms/resource/13/3464913_image2_1.jpg',
    '서울특별시 강남구 영동대로 513 (삼성동)',
    4.2,
    430,
    1865,
    '2시간',
    31000,
    '["한국어","영어"]',
    '["집합 장소 안내","강남 마이스 관광특구 관람","Q&A 및 마무리"]',
    'ACTIVE',
    NOW(),
    NOW()
  ),
  (
    8,
    'seoul-8',
    1,
    '강동예찬시비',
    'https://tong.visitkorea.or.kr/cms/resource/55/3508255_image2_1.jpg',
    '서울특별시 강동구 구천면로 141 (천호동)',
    4,
    459,
    842,
    '반나절',
    29000,
    '["한국어","영어","중국어"]',
    '["강동예찬시비 정문 집합","내부 관람 및 해설 투어","주변 연계 코스 안내"]',
    'ACTIVE',
    NOW(),
    NOW()
  ),
  (
    9,
    'seoul-9',
    1,
    '강변스파랜드',
    'https://tong.visitkorea.or.kr/cms/resource/98/3401698_image2_1.JPG',
    '서울특별시 광진구 구의강변로 45 (구의동)',
    4.6,
    120,
    120,
    '2시간',
    28000,
    '["한국어","영어","일본어"]',
    '["강변스파랜드 도착 및 입장","전경 감상 및 사진 촬영","주변 산책 및 휴식"]',
    'ACTIVE',
    NOW(),
    NOW()
  ),
  (
    10,
    'seoul-10',
    1,
    '강서습지생태공원',
    'https://tong.visitkorea.or.kr/cms/resource/70/3526770_image2_1.jpg',
    '서울특별시 강서구 양천로27길 279-23',
    4.4,
    220,
    2027,
    '1시간',
    21000,
    '["한국어","영어","일본어","중국어"]',
    '["집합 장소 안내","강서습지생태공원 관람","Q&A 및 마무리"]',
    'ACTIVE',
    NOW(),
    NOW()
  ),
  (
    11,
    'seoul-11',
    1,
    '강서역사문화거리',
    'https://tong.visitkorea.or.kr/cms/resource/09/3045109_image2_1.jpg',
    '서울특별시 강서구 양천로 291 (마곡동)',
    4.9,
    187,
    982,
    '2.5시간',
    46000,
    '["한국어","영어","일본어"]',
    '["강서역사문화거리 집합 및 투어 안내","주요 관람 포인트 둘러보기","해설 및 자유 관람 마무리"]',
    'ACTIVE',
    NOW(),
    NOW()
  ),
  (
    12,
    'seoul-12',
    1,
    '강서한강공원',
    'https://tong.visitkorea.or.kr/cms/resource/91/3509791_image2_1.jpg',
    '서울특별시 강서구 양천로27길 279-23 (방화동)',
    4.1,
    231,
    270,
    '1.5시간',
    39000,
    '["한국어"]',
    '["강서한강공원 도착 및 입장","전경 감상 및 사진 촬영","주변 산책 및 휴식"]',
    'ACTIVE',
    NOW(),
    NOW()
  ),
  (
    13,
    'seoul-13',
    1,
    '개봉유수지 생태공원',
    'https://tong.visitkorea.or.kr/cms/resource/55/3558655_image2_1.jpg',
    '서울특별시 구로구 개봉동',
    4.1,
    100,
    2015,
    '1일',
    26000,
    '["한국어","영어","일본어"]',
    '["개봉유수지 생태공원 집합 및 투어 안내","주요 관람 포인트 둘러보기","해설 및 자유 관람 마무리"]',
    'ACTIVE',
    NOW(),
    NOW()
  ),
  (
    14,
    'seoul-14',
    1,
    '개운사(서울)',
    'https://tong.visitkorea.or.kr/cms/resource/01/3524101_image2_1.jpg',
    '서울특별시 성북구 개운사길 73 (안암동5가)',
    4.5,
    240,
    1458,
    '반나절',
    50000,
    '["한국어"]',
    '["집합 장소 안내","개운사(서울) 관람","Q&A 및 마무리"]',
    'ACTIVE',
    NOW(),
    NOW()
  ),
  (
    15,
    'seoul-15',
    1,
    '개화산 호국공원',
    'https://tong.visitkorea.or.kr/cms/resource/69/3383069_image2_1.JPG',
    '서울특별시 강서구 개화동',
    4.8,
    410,
    893,
    '3시간',
    46000,
    '["한국어","영어"]',
    '["개화산 호국공원 도착 및 입장","전경 감상 및 사진 촬영","주변 산책 및 휴식"]',
    'ACTIVE',
    NOW(),
    NOW()
  ),
  (
    16,
    'seoul-16',
    1,
    '거리공원',
    'https://tong.visitkorea.or.kr/cms/resource/42/3558642_image2_1.jpg',
    '서울특별시 구로구 구로동',
    4.9,
    90,
    1020,
    '2시간',
    37000,
    '["한국어","영어","일본어","중국어"]',
    '["거리공원 정문 집합","내부 관람 및 해설 투어","주변 연계 코스 안내"]',
    'ACTIVE',
    NOW(),
    NOW()
  ),
  (
    17,
    'seoul-17',
    1,
    '거북선나루터',
    'https://tong.visitkorea.or.kr/cms/resource/02/3446702_image2_1.jpg',
    '서울특별시 용산구 이촌동 302-183',
    4.8,
    418,
    349,
    '2시간',
    10000,
    '["한국어","영어","일본어","중국어"]',
    '["집합 장소 안내","거북선나루터 관람","Q&A 및 마무리"]',
    'ACTIVE',
    NOW(),
    NOW()
  ),
  (
    18,
    'seoul-18',
    1,
    '건청궁',
    'https://tong.visitkorea.or.kr/cms/resource/10/2527110_image2_1.jpg',
    '서울특별시 종로구 사직로 161 (세종로)',
    4.7,
    209,
    1457,
    '1시간',
    27000,
    '["한국어","영어","중국어"]',
    '["건청궁 도착 및 입장","전경 감상 및 사진 촬영","주변 산책 및 휴식"]',
    'ACTIVE',
    NOW(),
    NOW()
  ),
  (
    19,
    'seoul-19',
    1,
    '경국사(서울)',
    'https://tong.visitkorea.or.kr/cms/resource/81/3571681_image2_1.jpg',
    '서울특별시 성북구 보국문로 113-10 (정릉동)',
    4.5,
    222,
    2051,
    '2시간',
    41000,
    '["한국어","영어"]',
    '["경국사(서울) 정문 집합","내부 관람 및 해설 투어","주변 연계 코스 안내"]',
    'ACTIVE',
    NOW(),
    NOW()
  ),
  (
    20,
    'seoul-20',
    1,
    '경리단길',
    'https://tong.visitkorea.or.kr/cms/resource/85/3568185_image2_1.jpg',
    '서울특별시 용산구 이태원동',
    4.3,
    496,
    1252,
    '반나절',
    24000,
    '["한국어"]',
    '["경리단길 도착 및 입장","전경 감상 및 사진 촬영","주변 산책 및 휴식"]',
    'ACTIVE',
    NOW(),
    NOW()
  ),
  (
    21,
    'seoul-21',
    1,
    '경복궁',
    'https://tong.visitkorea.or.kr/cms/resource/98/3487598_image2_1.jpg',
    '서울특별시 종로구 사직로 161 (세종로)',
    4.5,
    113,
    1887,
    '2시간',
    22000,
    '["한국어"]',
    '["집합 장소 안내","경복궁 관람","Q&A 및 마무리"]',
    'ACTIVE',
    NOW(),
    NOW()
  ),
  (
    22,
    'seoul-22',
    1,
    '경성 부민관 폭탄 의거지',
    'https://tong.visitkorea.or.kr/cms/resource/30/3077530_image2_1.JPG',
    '서울특별시 중구 세종대로 125 (태평로1가)',
    4.1,
    449,
    641,
    '2.5시간',
    10000,
    '["한국어"]',
    '["경성 부민관 폭탄 의거지 도착 및 입장","전경 감상 및 사진 촬영","주변 산책 및 휴식"]',
    'ACTIVE',
    NOW(),
    NOW()
  ),
  (
    23,
    'seoul-23',
    1,
    '경의선책거리',
    'https://tong.visitkorea.or.kr/cms/resource/79/3381279_image2_1.jpg',
    '서울특별시 마포구 와우산로37길 35',
    4.4,
    431,
    318,
    '1시간',
    29000,
    '["한국어","영어","일본어","중국어"]',
    '["경의선책거리 정문 집합","내부 관람 및 해설 투어","주변 연계 코스 안내"]',
    'ACTIVE',
    NOW(),
    NOW()
  ),
  (
    24,
    'seoul-24',
    1,
    '경찰혼',
    'https://tong.visitkorea.or.kr/cms/resource/27/3466927_image2_1.jpg',
    '서울특별시 영등포구 국회대로 608 (당산동3가)',
    4.8,
    327,
    1664,
    '1시간',
    46000,
    '["한국어","영어","일본어","중국어"]',
    '["집합 장소 안내","경찰혼 관람","Q&A 및 마무리"]',
    'ACTIVE',
    NOW(),
    NOW()
  ),
  (
    25,
    'seoul-25',
    1,
    '경희궁',
    'https://tong.visitkorea.or.kr/cms/resource/37/3482237_image2_1.jpg',
    '서울특별시 종로구 새문안로 45',
    4,
    503,
    930,
    '1일',
    39000,
    '["한국어","영어","일본어","중국어"]',
    '["경희궁 집합 및 투어 안내","주요 관람 포인트 둘러보기","해설 및 자유 관람 마무리"]',
    'ACTIVE',
    NOW(),
    NOW()
  ),
  (
    26,
    'seoul-26',
    1,
    '경희궁 숭정전',
    'https://tong.visitkorea.or.kr/cms/resource/95/1569195_image2_1.jpg',
    '서울특별시 종로구 새문안로 45 (신문로2가)',
    4.1,
    56,
    2005,
    '2.5시간',
    14000,
    '["한국어"]',
    '["경희궁 숭정전 정문 집합","내부 관람 및 해설 투어","주변 연계 코스 안내"]',
    'ACTIVE',
    NOW(),
    NOW()
  ),
  (
    27,
    'seoul-27',
    1,
    '경희궁 흥화문',
    'https://tong.visitkorea.or.kr/cms/resource/55/3384855_image2_1.JPG',
    '서울특별시 종로구 새문안로 55 (신문로2가)',
    4.4,
    202,
    782,
    '1일',
    27000,
    '["한국어","영어","일본어"]',
    '["경희궁 흥화문 도착 및 입장","전경 감상 및 사진 촬영","주변 산책 및 휴식"]',
    'ACTIVE',
    NOW(),
    NOW()
  ),
  (
    28,
    'seoul-28',
    1,
    '경희궁공원',
    'https://tong.visitkorea.or.kr/cms/resource/98/3531398_image2_1.jpg',
    '서울특별시 종로구 새문안로 55 (신문로2가)',
    4.6,
    341,
    1846,
    '1시간',
    15000,
    '["한국어","영어","일본어"]',
    '["경희궁공원 집합 및 투어 안내","주요 관람 포인트 둘러보기","해설 및 자유 관람 마무리"]',
    'ACTIVE',
    NOW(),
    NOW()
  ),
  (
    29,
    'seoul-29',
    1,
    '계남근린공원',
    'https://tong.visitkorea.or.kr/cms/resource/26/3568226_image2_1.jpg',
    '서울특별시 양천구 중앙로17길 21 (신정동)',
    4.5,
    444,
    1650,
    '2.5시간',
    23000,
    '["한국어","영어","일본어"]',
    '["집합 장소 안내","계남근린공원 관람","Q&A 및 마무리"]',
    'ACTIVE',
    NOW(),
    NOW()
  ),
  (
    30,
    'seoul-30',
    1,
    '계남근린공원',
    'https://tong.visitkorea.or.kr/cms/resource/03/3432303_image2_1.jpg',
    '서울특별시 양천구 중앙로17길 21 (신정동)',
    4.4,
    201,
    796,
    '1.5시간',
    18000,
    '["한국어","영어","중국어"]',
    '["계남근린공원 도착 및 입장","전경 감상 및 사진 촬영","주변 산책 및 휴식"]',
    'ACTIVE',
    NOW(),
    NOW()
  ),
  (
    31,
    'seoul-31',
    1,
    '계동배렴가옥',
    'https://tong.visitkorea.or.kr/cms/resource/73/3045073_image2_1.jpg',
    '서울특별시 종로구 계동길 89 (계동)',
    4.4,
    406,
    392,
    '1일',
    40000,
    '["한국어","영어","일본어","중국어"]',
    '["계동배렴가옥 정문 집합","내부 관람 및 해설 투어","주변 연계 코스 안내"]',
    'ACTIVE',
    NOW(),
    NOW()
  ),
  (
    32,
    'seoul-32',
    1,
    '고척근린공원',
    'https://tong.visitkorea.or.kr/cms/resource/27/3400227_image2_1.JPG',
    '서울특별시 구로구 고척로45길 39 (고척동)',
    4.6,
    64,
    147,
    '반나절',
    47000,
    '["한국어"]',
    '["고척근린공원 정문 집합","내부 관람 및 해설 투어","주변 연계 코스 안내"]',
    'ACTIVE',
    NOW(),
    NOW()
  ),
  (
    33,
    'busan-1',
    2,
    '가덕도',
    'https://tong.visitkorea.or.kr/cms/resource/69/3491669_image2_1.jpg',
    '부산광역시 강서구 서천로42번길 351 (천성동)',
    4.1,
    446,
    2082,
    '1일',
    36000,
    '["한국어","영어","중국어"]',
    '["가덕도 집합 및 투어 안내","주요 관람 포인트 둘러보기","해설 및 자유 관람 마무리"]',
    'ACTIVE',
    NOW(),
    NOW()
  ),
  (
    34,
    'busan-2',
    2,
    '가덕도 등대',
    'https://tong.visitkorea.or.kr/cms/resource/81/3342781_image2_1.jpg',
    '부산광역시 강서구 외양포로 10',
    4.7,
    294,
    1468,
    '반나절',
    21000,
    '["한국어"]',
    '["집합 장소 안내","가덕도 등대 관람","Q&A 및 마무리"]',
    'ACTIVE',
    NOW(),
    NOW()
  ),
  (
    35,
    'busan-3',
    2,
    '가덕도외양포전망대',
    'https://tong.visitkorea.or.kr/cms/resource/22/3015322_image2_1.JPG',
    '부산광역시 강서구 외양포로 10 (대항동)',
    4.1,
    276,
    1561,
    '1시간',
    35000,
    '["한국어","영어"]',
    '["가덕도외양포전망대 도착 및 입장","전경 감상 및 사진 촬영","주변 산책 및 휴식"]',
    'ACTIVE',
    NOW(),
    NOW()
  ),
  (
    36,
    'busan-4',
    2,
    '가야공원',
    'https://tong.visitkorea.or.kr/cms/resource/10/3495510_image2_1.jpg',
    '부산광역시 부산진구 엄광로 118',
    4.8,
    355,
    844,
    '2.5시간',
    11000,
    '["한국어","영어","일본어","중국어"]',
    '["가야공원 정문 집합","내부 관람 및 해설 투어","주변 연계 코스 안내"]',
    'ACTIVE',
    NOW(),
    NOW()
  ),
  (
    37,
    'busan-5',
    2,
    '가톨릭 특성화 거리',
    'https://tong.visitkorea.or.kr/cms/resource/44/3552344_image2_1.jpg',
    '부산광역시 금정구 부곡동',
    4.8,
    233,
    1796,
    '1시간',
    42000,
    '["한국어","영어","일본어","중국어"]',
    '["집합 장소 안내","가톨릭 특성화 거리 관람","Q&A 및 마무리"]',
    'ACTIVE',
    NOW(),
    NOW()
  ),
  (
    38,
    'busan-6',
    2,
    '감천사(부산)',
    'https://tong.visitkorea.or.kr/cms/resource/20/3476820_image2_1.jpg',
    '부산광역시 연제구 묘봉산로 40',
    4.2,
    182,
    1746,
    '1시간',
    34000,
    '["한국어"]',
    '["집합 장소 안내","감천사(부산) 관람","Q&A 및 마무리"]',
    'ACTIVE',
    NOW(),
    NOW()
  ),
  (
    39,
    'busan-7',
    2,
    '강서체육공원',
    'https://tong.visitkorea.or.kr/cms/resource/48/3015248_image2_1.JPG',
    '부산광역시 강서구 체육공원로 43 (대저1동)',
    4.7,
    67,
    1670,
    '반나절',
    23000,
    '["한국어","영어","중국어"]',
    '["강서체육공원 집합 및 투어 안내","주요 관람 포인트 둘러보기","해설 및 자유 관람 마무리"]',
    'ACTIVE',
    NOW(),
    NOW()
  ),
  (
    40,
    'busan-8',
    2,
    '개금벚꽃길',
    'https://tong.visitkorea.or.kr/cms/resource/73/3032373_image2_1.JPG',
    '부산광역시 부산진구 개금동',
    4.9,
    41,
    2021,
    '1.5시간',
    31000,
    '["한국어","영어","중국어"]',
    '["개금벚꽃길 도착 및 입장","전경 감상 및 사진 촬영","주변 산책 및 휴식"]',
    'ACTIVE',
    NOW(),
    NOW()
  ),
  (
    41,
    'busan-9',
    2,
    '경상좌수영성지',
    'https://tong.visitkorea.or.kr/cms/resource/02/3476802_image2_1.jpg',
    '부산광역시 수영구 수영성로 43',
    4.1,
    61,
    1954,
    '2시간',
    13000,
    '["한국어","영어"]',
    '["경상좌수영성지 집합 및 투어 안내","주요 관람 포인트 둘러보기","해설 및 자유 관람 마무리"]',
    'ACTIVE',
    NOW(),
    NOW()
  ),
  (
    42,
    'busan-10',
    2,
    '고흐의 길',
    'https://tong.visitkorea.or.kr/cms/resource/78/3492478_image2_1.jpg',
    '부산광역시 해운대구 해운대로 898 (좌동)',
    4.1,
    146,
    622,
    '반나절',
    42000,
    '["한국어"]',
    '["고흐의 길 정문 집합","내부 관람 및 해설 투어","주변 연계 코스 안내"]',
    'ACTIVE',
    NOW(),
    NOW()
  ),
  (
    43,
    'busan-11',
    2,
    '곰내연밭',
    'https://tong.visitkorea.or.kr/cms/resource/58/2794158_image2_1.jpg',
    '부산광역시 기장군 철마면 웅천리 254-4',
    4.5,
    33,
    64,
    '3시간',
    35000,
    '["한국어"]',
    '["곰내연밭 정문 집합","내부 관람 및 해설 투어","주변 연계 코스 안내"]',
    'ACTIVE',
    NOW(),
    NOW()
  ),
  (
    44,
    'busan-12',
    2,
    '공수어촌체험마을',
    'https://tong.visitkorea.or.kr/cms/resource/32/2504632_image2_1.jpg',
    '부산광역시 기장군 기장읍 공수해안길 13-2',
    4.7,
    265,
    1017,
    '2.5시간',
    39000,
    '["한국어","영어"]',
    '["공수어촌체험마을 정문 집합","내부 관람 및 해설 투어","주변 연계 코스 안내"]',
    'ACTIVE',
    NOW(),
    NOW()
  ),
  (
    45,
    'busan-13',
    2,
    '관수옥과 초량왜관 터',
    'https://tong.visitkorea.or.kr/cms/resource/24/3049224_image2_1.JPG',
    '부산광역시 중구 용두산길 37-55',
    4.5,
    343,
    631,
    '2시간',
    32000,
    '["한국어","영어","일본어"]',
    '["관수옥과 초량왜관 터 집합 및 투어 안내","주요 관람 포인트 둘러보기","해설 및 자유 관람 마무리"]',
    'ACTIVE',
    NOW(),
    NOW()
  ),
  (
    46,
    'busan-14',
    2,
    '관음사(부산)',
    'https://tong.visitkorea.or.kr/cms/resource/10/2790710_image2_1.JPG',
    '부산광역시 사하구 제석로79번길 33 (당리동)',
    4.3,
    145,
    1576,
    '2시간',
    43000,
    '["한국어"]',
    '["관음사(부산) 집합 및 투어 안내","주요 관람 포인트 둘러보기","해설 및 자유 관람 마무리"]',
    'ACTIVE',
    NOW(),
    NOW()
  ),
  (
    47,
    'busan-15',
    2,
    '광복로패션거리',
    'https://tong.visitkorea.or.kr/cms/resource/11/3049611_image2_1.JPG',
    '부산광역시 중구 광복로 72-1 (광복동2가)',
    4.2,
    477,
    1160,
    '1.5시간',
    50000,
    '["한국어","영어","중국어"]',
    '["광복로패션거리 도착 및 입장","전경 감상 및 사진 촬영","주변 산책 및 휴식"]',
    'ACTIVE',
    NOW(),
    NOW()
  ),
  (
    48,
    'busan-16',
    2,
    '광안리해변 테마거리',
    'https://tong.visitkorea.or.kr/cms/resource/42/3071042_image2_1.JPG',
    '부산광역시 수영구 민락동',
    4.5,
    237,
    1442,
    '2.5시간',
    18000,
    '["한국어"]',
    '["집합 장소 안내","광안리해변 테마거리 관람","Q&A 및 마무리"]',
    'ACTIVE',
    NOW(),
    NOW()
  ),
  (
    49,
    'busan-17',
    2,
    '광안리해수욕장',
    'https://tong.visitkorea.or.kr/cms/resource/45/3311245_image2_1.jpg',
    '부산광역시 수영구 광안해변로 219 (광안동)',
    4.6,
    439,
    761,
    '1일',
    45000,
    '["한국어"]',
    '["집합 장소 안내","광안리해수욕장 관람","Q&A 및 마무리"]',
    'ACTIVE',
    NOW(),
    NOW()
  ),
  (
    50,
    'busan-18',
    2,
    '구덕문화공원',
    'https://tong.visitkorea.or.kr/cms/resource/40/3369140_image2_1.jpg',
    '부산광역시 서구 꽃마을로163번길 73 (서대신동3가)',
    4.5,
    319,
    1320,
    '2.5시간',
    29000,
    '["한국어"]',
    '["집합 장소 안내","구덕문화공원 관람","Q&A 및 마무리"]',
    'ACTIVE',
    NOW(),
    NOW()
  ),
  (
    51,
    'busan-19',
    2,
    '구포 어린이교통공원',
    'https://tong.visitkorea.or.kr/cms/resource/17/3397217_image2_1.jpg',
    '부산광역시 북구 낙동북로 687 (구포동)',
    4.7,
    267,
    1350,
    '1시간',
    24000,
    '["한국어","영어","일본어","중국어"]',
    '["구포 어린이교통공원 정문 집합","내부 관람 및 해설 투어","주변 연계 코스 안내"]',
    'ACTIVE',
    NOW(),
    NOW()
  ),
  (
    52,
    'busan-20',
    2,
    '구포만세거리',
    'https://tong.visitkorea.or.kr/cms/resource/34/3493634_image2_1.jpg',
    '부산광역시 북구 구포만세길 109 (구포동)',
    4.5,
    335,
    253,
    '1시간',
    12000,
    '["한국어","영어"]',
    '["구포만세거리 도착 및 입장","전경 감상 및 사진 촬영","주변 산책 및 휴식"]',
    'ACTIVE',
    NOW(),
    NOW()
  ),
  (
    53,
    'busan-21',
    2,
    '국립 달음산자연휴양림',
    'https://tong.visitkorea.or.kr/cms/resource/21/2611721_image2_1.jpg',
    '부산광역시 기장군 일광면 화용길 299-106',
    4.3,
    89,
    683,
    '1.5시간',
    27000,
    '["한국어"]',
    '["국립 달음산자연휴양림 정문 집합","내부 관람 및 해설 투어","주변 연계 코스 안내"]',
    'ACTIVE',
    NOW(),
    NOW()
  ),
  (
    54,
    'busan-22',
    2,
    '국립청소년생태센터',
    'https://tong.visitkorea.or.kr/cms/resource/61/3336061_image2_1.jpg',
    '부산광역시 사하구 낙동남로1233번길 43 (하단동)',
    4.6,
    111,
    521,
    '2시간',
    50000,
    '["한국어"]',
    '["국립청소년생태센터 도착 및 입장","전경 감상 및 사진 촬영","주변 산책 및 휴식"]',
    'ACTIVE',
    NOW(),
    NOW()
  ),
  (
    55,
    'busan-23',
    2,
    '국제시장 먹자골목',
    'https://tong.visitkorea.or.kr/cms/resource/30/3476830_image2_1.jpg',
    '부산광역시 중구 중구로 36',
    4.2,
    254,
    131,
    '반나절',
    36000,
    '["한국어","영어","일본어"]',
    '["국제시장 먹자골목 집합 및 투어 안내","주요 관람 포인트 둘러보기","해설 및 자유 관람 마무리"]',
    'ACTIVE',
    NOW(),
    NOW()
  ),
  (
    56,
    'busan-24',
    2,
    '국청사(부산)',
    'https://tong.visitkorea.or.kr/cms/resource/82/3552382_image2_1.jpg',
    '부산광역시 금정구 북문로 42',
    4.1,
    365,
    1801,
    '3시간',
    13000,
    '["한국어","영어","일본어","중국어"]',
    '["국청사(부산) 정문 집합","내부 관람 및 해설 투어","주변 연계 코스 안내"]',
    'ACTIVE',
    NOW(),
    NOW()
  ),
  (
    57,
    'busan-25',
    2,
    '그런고로',
    'https://tong.visitkorea.or.kr/cms/resource/96/3421696_image2_1.jpg',
    '부산광역시 부산진구 서전로 40 (전포동)',
    4.1,
    378,
    1116,
    '2시간',
    21000,
    '["한국어","영어","일본어","중국어"]',
    '["집합 장소 안내","그런고로 관람","Q&A 및 마무리"]',
    'ACTIVE',
    NOW(),
    NOW()
  ),
  (
    58,
    'busan-26',
    2,
    '금강공원',
    'https://tong.visitkorea.or.kr/cms/resource/12/3336512_image2_1.jpg',
    '부산광역시 동래구 우장춘로 155 (온천동)',
    4.1,
    111,
    1626,
    '반나절',
    27000,
    '["한국어","영어","중국어"]',
    '["금강공원 집합 및 투어 안내","주요 관람 포인트 둘러보기","해설 및 자유 관람 마무리"]',
    'ACTIVE',
    NOW(),
    NOW()
  ),
  (
    59,
    'busan-27',
    2,
    '금강사(부산)',
    'https://tong.visitkorea.or.kr/cms/resource/14/3561514_image2_1.jpg',
    '부산광역시 동래구 우장춘로 211 (온천동)',
    4,
    81,
    616,
    '1.5시간',
    28000,
    '["한국어","영어","일본어","중국어"]',
    '["집합 장소 안내","금강사(부산) 관람","Q&A 및 마무리"]',
    'ACTIVE',
    NOW(),
    NOW()
  ),
  (
    60,
    'busan-28',
    2,
    '금강식물원',
    'https://tong.visitkorea.or.kr/cms/resource/04/3070504_image2_1.JPG',
    '부산광역시 금정구 장전동 산 43-1',
    4.2,
    390,
    719,
    '2시간',
    24000,
    '["한국어","영어"]',
    '["집합 장소 안내","금강식물원 관람","Q&A 및 마무리"]',
    'ACTIVE',
    NOW(),
    NOW()
  ),
  (
    61,
    'busan-29',
    2,
    '금강암(부산)',
    'https://tong.visitkorea.or.kr/cms/resource/09/3552409_image2_1.jpg',
    '부산광역시 금정구 범어사로 254',
    4.3,
    38,
    1256,
    '2시간',
    46000,
    '["한국어","영어","일본어","중국어"]',
    '["금강암(부산) 집합 및 투어 안내","주요 관람 포인트 둘러보기","해설 및 자유 관람 마무리"]',
    'ACTIVE',
    NOW(),
    NOW()
  ),
  (
    62,
    'busan-30',
    2,
    '금곡동 율리 바위그늘유적',
    'https://tong.visitkorea.or.kr/cms/resource/91/3414191_image2_1.jpg',
    '부산광역시 북구 금곡동',
    4.2,
    220,
    263,
    '2.5시간',
    48000,
    '["한국어","영어","중국어"]',
    '["금곡동 율리 바위그늘유적 집합 및 투어 안내","주요 관람 포인트 둘러보기","해설 및 자유 관람 마무리"]',
    'ACTIVE',
    NOW(),
    NOW()
  ),
  (
    63,
    'busan-31',
    2,
    '금련산',
    'https://tong.visitkorea.or.kr/cms/resource/43/3589743_image2_1.jpg',
    '부산광역시 수영구 광안동',
    4,
    96,
    314,
    '반나절',
    22000,
    '["한국어","영어","일본어"]',
    '["집합 장소 안내","금련산 관람","Q&A 및 마무리"]',
    'ACTIVE',
    NOW(),
    NOW()
  ),
  (
    64,
    'busan-32',
    2,
    '금빛노을브릿지',
    'https://tong.visitkorea.or.kr/cms/resource/02/3545402_image2_1.jpg',
    '부산광역시 북구 낙동대로 1769 (구포동)',
    4,
    420,
    1630,
    '1시간',
    29000,
    '["한국어","영어","일본어","중국어"]',
    '["금빛노을브릿지 도착 및 입장","전경 감상 및 사진 촬영","주변 산책 및 휴식"]',
    'ACTIVE',
    NOW(),
    NOW()
  ),
  (
    65,
    'jeju-1',
    3,
    '가마오름',
    'https://tong.visitkorea.or.kr/cms/resource/72/3477972_image2_1.jpg',
    '제주특별자치도 제주시 한경면 청수리',
    4.1,
    302,
    272,
    '3시간',
    15000,
    '["한국어","영어","일본어","중국어"]',
    '["집합 장소 안내","가마오름 관람","Q&A 및 마무리"]',
    'ACTIVE',
    NOW(),
    NOW()
  ),
  (
    66,
    'jeju-2',
    3,
    '가문이오름(감은이오름)',
    'https://tong.visitkorea.or.kr/cms/resource/92/3477392_image2_1.jpg',
    '제주특별자치도 서귀포시 표선면 가시리',
    4.3,
    214,
    1675,
    '3시간',
    46000,
    '["한국어"]',
    '["집합 장소 안내","가문이오름(감은이오름) 관람","Q&A 및 마무리"]',
    'ACTIVE',
    NOW(),
    NOW()
  ),
  (
    67,
    'jeju-3',
    3,
    '가새기오름',
    'https://tong.visitkorea.or.kr/cms/resource/82/3477882_image2_1.jpg',
    '제주특별자치도 제주시 오라삼동',
    4.4,
    253,
    1830,
    '1시간',
    49000,
    '["한국어","영어","일본어"]',
    '["가새기오름 정문 집합","내부 관람 및 해설 투어","주변 연계 코스 안내"]',
    'ACTIVE',
    NOW(),
    NOW()
  ),
  (
    68,
    'jeju-4',
    3,
    '가세오름',
    'https://tong.visitkorea.or.kr/cms/resource/61/3477261_image2_1.jpg',
    '제주특별자치도 서귀포시 표선면 녹산로 554',
    4.2,
    351,
    2000,
    '2시간',
    32000,
    '["한국어","영어"]',
    '["가세오름 집합 및 투어 안내","주요 관람 포인트 둘러보기","해설 및 자유 관람 마무리"]',
    'ACTIVE',
    NOW(),
    NOW()
  ),
  (
    69,
    'jeju-5',
    3,
    '가시리국산화풍력발전단지',
    'https://tong.visitkorea.or.kr/cms/resource/92/3026692_image2_1.jpg',
    '제주특별자치도 서귀포시 표선면 녹산로 464-78',
    4.8,
    426,
    750,
    '2시간',
    41000,
    '["한국어","영어","일본어","중국어"]',
    '["집합 장소 안내","가시리국산화풍력발전단지 관람","Q&A 및 마무리"]',
    'ACTIVE',
    NOW(),
    NOW()
  ),
  (
    70,
    'jeju-6',
    3,
    '가시오름',
    'https://tong.visitkorea.or.kr/cms/resource/13/3477513_image2_1.jpg',
    '제주특별자치도 서귀포시 대정읍 하모이삼로21번길 1',
    4.9,
    287,
    915,
    '1.5시간',
    46000,
    '["한국어","영어","일본어"]',
    '["가시오름 집합 및 투어 안내","주요 관람 포인트 둘러보기","해설 및 자유 관람 마무리"]',
    'ACTIVE',
    NOW(),
    NOW()
  ),
  (
    71,
    'jeju-7',
    3,
    '가을동화 감귤밭',
    'https://tong.visitkorea.or.kr/cms/resource/43/3410543_image2_1.jpg',
    '제주특별자치도 서귀포시 남원읍 하례로 504',
    4.9,
    478,
    250,
    '1.5시간',
    21000,
    '["한국어"]',
    '["가을동화 감귤밭 집합 및 투어 안내","주요 관람 포인트 둘러보기","해설 및 자유 관람 마무리"]',
    'ACTIVE',
    NOW(),
    NOW()
  ),
  (
    72,
    'jeju-8',
    3,
    '가파도',
    'https://tong.visitkorea.or.kr/cms/resource/68/3543168_image2_1.jpg',
    '제주특별자치도 서귀포시 대정읍 가파로',
    4.9,
    45,
    1770,
    '2시간',
    10000,
    '["한국어","영어","일본어","중국어"]',
    '["가파도 정문 집합","내부 관람 및 해설 투어","주변 연계 코스 안내"]',
    'ACTIVE',
    NOW(),
    NOW()
  ),
  (
    73,
    'jeju-9',
    3,
    '가파도 소망전망대',
    'https://tong.visitkorea.or.kr/cms/resource/99/3344399_image2_1.jpg',
    '제주특별자치도 서귀포시 대정읍 가파리',
    4.2,
    412,
    815,
    '1시간',
    41000,
    '["한국어","영어"]',
    '["가파도 소망전망대 집합 및 투어 안내","주요 관람 포인트 둘러보기","해설 및 자유 관람 마무리"]',
    'ACTIVE',
    NOW(),
    NOW()
  ),
  (
    74,
    'jeju-10',
    3,
    '각시바위오름',
    'https://tong.visitkorea.or.kr/cms/resource/64/3477364_image2_1.jpg',
    '제주특별자치도 서귀포시 호근동',
    4.8,
    457,
    636,
    '1시간',
    43000,
    '["한국어"]',
    '["각시바위오름 도착 및 입장","전경 감상 및 사진 촬영","주변 산책 및 휴식"]',
    'ACTIVE',
    NOW(),
    NOW()
  ),
  (
    75,
    'jeju-11',
    3,
    '갈마못(갈뫼못)',
    'https://tong.visitkorea.or.kr/cms/resource/31/3477231_image2_1.jpg',
    '제주특별자치도 서귀포시 표선면 성읍리',
    4.4,
    512,
    1432,
    '2.5시간',
    48000,
    '["한국어"]',
    '["집합 장소 안내","갈마못(갈뫼못) 관람","Q&A 및 마무리"]',
    'ACTIVE',
    NOW(),
    NOW()
  ),
  (
    76,
    'jeju-12',
    3,
    '갈중이(천연염색체험)',
    'https://tong.visitkorea.or.kr/cms/resource/95/3552495_image2_1.jpg',
    '제주특별자치도 서귀포시 사계남로216번길 24-61 갈중이',
    4.1,
    365,
    1075,
    '2.5시간',
    42000,
    '["한국어","영어","중국어"]',
    '["집합 장소 안내","갈중이(천연염색체험) 관람","Q&A 및 마무리"]',
    'ACTIVE',
    NOW(),
    NOW()
  ),
  (
    77,
    'jeju-13',
    3,
    '감낭오름',
    'https://tong.visitkorea.or.kr/cms/resource/06/3477406_image2_1.jpg',
    '제주특별자치도 서귀포시 안덕면 동광리',
    4.2,
    353,
    1198,
    '2시간',
    18000,
    '["한국어","영어"]',
    '["감낭오름 도착 및 입장","전경 감상 및 사진 촬영","주변 산책 및 휴식"]',
    'ACTIVE',
    NOW(),
    NOW()
  ),
  (
    78,
    'jeju-14',
    3,
    '감사공묘역',
    'https://tong.visitkorea.or.kr/cms/resource/96/3082296_image2_1.jpg',
    '제주특별자치도 제주시 조천읍 함대로 362',
    4.2,
    474,
    1876,
    '반나절',
    47000,
    '["한국어","영어","일본어","중국어"]',
    '["감사공묘역 도착 및 입장","전경 감상 및 사진 촬영","주변 산책 및 휴식"]',
    'ACTIVE',
    NOW(),
    NOW()
  ),
  (
    79,
    'jeju-15',
    3,
    '감수굴 밭담길',
    'https://tong.visitkorea.or.kr/cms/resource/77/3056377_image2_1.jpg',
    '제주특별자치도 제주시 구좌읍 평대7길 34',
    4.7,
    95,
    1853,
    '1시간',
    33000,
    '["한국어","영어"]',
    '["집합 장소 안내","감수굴 밭담길 관람","Q&A 및 마무리"]',
    'ACTIVE',
    NOW(),
    NOW()
  ),
  (
    80,
    'jeju-16',
    3,
    '갑선이오름',
    'https://tong.visitkorea.or.kr/cms/resource/45/3523545_image2_1.jpg',
    '제주특별자치도 서귀포시 표선면 가시리',
    4.3,
    53,
    1709,
    '3시간',
    25000,
    '["한국어","영어"]',
    '["갑선이오름 집합 및 투어 안내","주요 관람 포인트 둘러보기","해설 및 자유 관람 마무리"]',
    'ACTIVE',
    NOW(),
    NOW()
  ),
  (
    81,
    'jeju-17',
    3,
    '강정천',
    'https://tong.visitkorea.or.kr/cms/resource/96/3034696_image2_1.jpg',
    '제주특별자치도 서귀포시 강정동',
    4.7,
    475,
    1184,
    '2시간',
    26000,
    '["한국어","영어","일본어"]',
    '["강정천 도착 및 입장","전경 감상 및 사진 촬영","주변 산책 및 휴식"]',
    'ACTIVE',
    NOW(),
    NOW()
  ),
  (
    82,
    'jeju-18',
    3,
    '강정포구',
    'https://tong.visitkorea.or.kr/cms/resource/95/3552095_image2_1.jpg',
    '제주특별자치도 서귀포시 말질로 291',
    4.5,
    416,
    2012,
    '2.5시간',
    33000,
    '["한국어","영어"]',
    '["강정포구 집합 및 투어 안내","주요 관람 포인트 둘러보기","해설 및 자유 관람 마무리"]',
    'ACTIVE',
    NOW(),
    NOW()
  ),
  (
    83,
    'jeju-19',
    3,
    '개똥이네농장',
    'https://tong.visitkorea.or.kr/cms/resource/62/3056962_image2_1.jpg',
    '제주특별자치도 제주시 조천읍 종인내길 133',
    4.4,
    402,
    118,
    '반나절',
    16000,
    '["한국어","영어","중국어"]',
    '["집합 장소 안내","개똥이네농장 관람","Q&A 및 마무리"]',
    'ACTIVE',
    NOW(),
    NOW()
  ),
  (
    84,
    'jeju-20',
    3,
    '개오름',
    'https://tong.visitkorea.or.kr/cms/resource/94/3526894_image2_1.jpg',
    '제주특별자치도 서귀포시 표선면 성읍이리로57번길 162',
    4.6,
    470,
    1235,
    '2.5시간',
    42000,
    '["한국어"]',
    '["개오름 정문 집합","내부 관람 및 해설 투어","주변 연계 코스 안내"]',
    'ACTIVE',
    NOW(),
    NOW()
  ),
  (
    85,
    'jeju-21',
    3,
    '개오리오름',
    'https://tong.visitkorea.or.kr/cms/resource/47/3478047_image2_1.jpg',
    '제주특별자치도 제주시 봉개동',
    4.3,
    91,
    948,
    '1시간',
    47000,
    '["한국어","영어","일본어"]',
    '["개오리오름 집합 및 투어 안내","주요 관람 포인트 둘러보기","해설 및 자유 관람 마무리"]',
    'ACTIVE',
    NOW(),
    NOW()
  ),
  (
    86,
    'jeju-22',
    3,
    '갯거리오름',
    'https://tong.visitkorea.or.kr/cms/resource/00/3585200_image2_1.jpg',
    '제주특별자치도 서귀포시 대포동',
    4.8,
    450,
    1545,
    '3시간',
    47000,
    '["한국어","영어","일본어"]',
    '["갯거리오름 도착 및 입장","전경 감상 및 사진 촬영","주변 산책 및 휴식"]',
    'ACTIVE',
    NOW(),
    NOW()
  ),
  (
    87,
    'jeju-23',
    3,
    '거린사슴',
    'https://tong.visitkorea.or.kr/cms/resource/97/3477397_image2_1.jpg',
    '제주특별자치도 서귀포시 1100로 823',
    4,
    442,
    1292,
    '반나절',
    50000,
    '["한국어","영어","일본어"]',
    '["거린사슴 정문 집합","내부 관람 및 해설 투어","주변 연계 코스 안내"]',
    'ACTIVE',
    NOW(),
    NOW()
  ),
  (
    88,
    'jeju-24',
    3,
    '거린사슴전망대',
    'https://tong.visitkorea.or.kr/cms/resource/57/3015757_image2_1.jpg',
    '제주특별자치도 서귀포시 1100로 791 (대포동)',
    4.3,
    91,
    973,
    '반나절',
    13000,
    '["한국어","영어","일본어"]',
    '["거린사슴전망대 집합 및 투어 안내","주요 관람 포인트 둘러보기","해설 및 자유 관람 마무리"]',
    'ACTIVE',
    NOW(),
    NOW()
  ),
  (
    89,
    'jeju-25',
    3,
    '거문오름',
    'https://tong.visitkorea.or.kr/cms/resource/62/2661662_image2_1.jpg',
    '제주특별자치도 제주시 조천읍 선교로 569-36',
    4.6,
    246,
    2100,
    '1.5시간',
    40000,
    '["한국어","영어","일본어","중국어"]',
    '["거문오름 집합 및 투어 안내","주요 관람 포인트 둘러보기","해설 및 자유 관람 마무리"]',
    'ACTIVE',
    NOW(),
    NOW()
  ),
  (
    90,
    'jeju-26',
    3,
    '거슨새미오름',
    'https://tong.visitkorea.or.kr/cms/resource/04/3477804_image2_1.jpg',
    '제주특별자치도 제주시 구좌읍 송당리',
    4.6,
    487,
    1878,
    '2시간',
    29000,
    '["한국어","영어","중국어"]',
    '["거슨새미오름 도착 및 입장","전경 감상 및 사진 촬영","주변 산책 및 휴식"]',
    'ACTIVE',
    NOW(),
    NOW()
  ),
  (
    91,
    'jeju-27',
    3,
    '걸시오름',
    'https://tong.visitkorea.or.kr/cms/resource/12/3478012_image2_1.jpg',
    '제주특별자치도 제주시 1100로 2558-73 (노형동)',
    4.8,
    124,
    343,
    '1시간',
    11000,
    '["한국어","영어","일본어"]',
    '["걸시오름 도착 및 입장","전경 감상 및 사진 촬영","주변 산책 및 휴식"]',
    'ACTIVE',
    NOW(),
    NOW()
  ),
  (
    92,
    'jeju-28',
    3,
    '고근산',
    'https://tong.visitkorea.or.kr/cms/resource/54/3477254_image2_1.jpg',
    '제주특별자치도 서귀포시 서호동',
    4.6,
    453,
    1547,
    '2시간',
    50000,
    '["한국어","영어","일본어","중국어"]',
    '["고근산 정문 집합","내부 관람 및 해설 투어","주변 연계 코스 안내"]',
    'ACTIVE',
    NOW(),
    NOW()
  ),
  (
    93,
    'jeju-29',
    3,
    '고내포구',
    'https://tong.visitkorea.or.kr/cms/resource/19/3589219_image2_1.jpg',
    '제주특별자치도 제주시 애월읍 고내리 1111-4',
    4.1,
    356,
    553,
    '반나절',
    32000,
    '["한국어","영어","중국어"]',
    '["집합 장소 안내","고내포구 관람","Q&A 및 마무리"]',
    'ACTIVE',
    NOW(),
    NOW()
  ),
  (
    94,
    'jeju-30',
    3,
    '고배기동산',
    'https://tong.visitkorea.or.kr/cms/resource/25/2818825_image2_1.jpg',
    '제주특별자치도 서귀포시 안덕면 광평리',
    4.6,
    409,
    1778,
    '1시간',
    43000,
    '["한국어","영어","중국어"]',
    '["고배기동산 정문 집합","내부 관람 및 해설 투어","주변 연계 코스 안내"]',
    'ACTIVE',
    NOW(),
    NOW()
  ),
  (
    95,
    'jeju-31',
    3,
    '고산일과해안도로',
    'https://tong.visitkorea.or.kr/cms/resource/27/3551727_image2_1.jpg',
    '제주특별자치도 서귀포시 대정읍 영락하동로 9-6',
    4.7,
    93,
    1837,
    '반나절',
    44000,
    '["한국어"]',
    '["집합 장소 안내","고산일과해안도로 관람","Q&A 및 마무리"]',
    'ACTIVE',
    NOW(),
    NOW()
  ),
  (
    96,
    'jeju-32',
    3,
    '고스트타운',
    'https://tong.visitkorea.or.kr/cms/resource/81/3396881_image2_1.jpg',
    '제주특별자치도 제주시 애월읍 부룡수길 35-14',
    4.7,
    106,
    1458,
    '1.5시간',
    40000,
    '["한국어","영어"]',
    '["고스트타운 도착 및 입장","전경 감상 및 사진 촬영","주변 산책 및 휴식"]',
    'ACTIVE',
    NOW(),
    NOW()
  ),
  (
    97,
    'gangneung-1',
    4,
    '강남축구공원',
    'https://tong.visitkorea.or.kr/cms/resource/94/3577794_image2_1.jpg',
    '강원특별자치도 강릉시 남부로 222 (노암동)',
    4.5,
    418,
    1973,
    '1.5시간',
    47000,
    '["한국어","영어","일본어","중국어"]',
    '["강남축구공원 정문 집합","내부 관람 및 해설 투어","주변 연계 코스 안내"]',
    'ACTIVE',
    NOW(),
    NOW()
  ),
  (
    98,
    'gangneung-2',
    4,
    '강릉 3·1운동 기념공원',
    'https://tong.visitkorea.or.kr/cms/resource/65/2900665_image2_1.JPG',
    '강원특별자치도 강릉시 경포로 349 (저동)',
    4.7,
    300,
    247,
    '1.5시간',
    36000,
    '["한국어","영어","일본어","중국어"]',
    '["집합 장소 안내","강릉 3·1운동 기념공원 관람","Q&A 및 마무리"]',
    'ACTIVE',
    NOW(),
    NOW()
  ),
  (
    99,
    'gangneung-3',
    4,
    '강릉 경포대',
    'https://tong.visitkorea.or.kr/cms/resource/52/3501452_image2_1.jpg',
    '강원특별자치도 강릉시 경포로 365',
    4.1,
    332,
    1611,
    '2.5시간',
    26000,
    '["한국어"]',
    '["강릉 경포대 도착 및 입장","전경 감상 및 사진 촬영","주변 산책 및 휴식"]',
    'ACTIVE',
    NOW(),
    NOW()
  ),
  (
    100,
    'gangneung-4',
    4,
    '강릉 굴산사지',
    'https://tong.visitkorea.or.kr/cms/resource/22/3025022_image2_1.jpg',
    '강원특별자치도 강릉시 구정면 학산리',
    4.1,
    41,
    162,
    '2.5시간',
    35000,
    '["한국어","영어","중국어"]',
    '["강릉 굴산사지 집합 및 투어 안내","주요 관람 포인트 둘러보기","해설 및 자유 관람 마무리"]',
    'ACTIVE',
    NOW(),
    NOW()
  ),
  (
    101,
    'gangneung-5',
    4,
    '강릉 남산공원',
    'https://tong.visitkorea.or.kr/cms/resource/05/3022205_image2_1.jpg',
    '강원특별자치도 강릉시 강변로 224-12 (노암동)',
    4.3,
    173,
    479,
    '1일',
    34000,
    '["한국어","영어","일본어"]',
    '["강릉 남산공원 도착 및 입장","전경 감상 및 사진 촬영","주변 산책 및 휴식"]',
    'ACTIVE',
    NOW(),
    NOW()
  ),
  (
    102,
    'gangneung-6',
    4,
    '강릉 녹색도시체험센터',
    'https://tong.visitkorea.or.kr/cms/resource/33/3072433_image2_1.jpg',
    '강원특별자치도 강릉시 난설헌로 131 (초당동)',
    4.1,
    376,
    881,
    '1시간',
    45000,
    '["한국어","영어"]',
    '["강릉 녹색도시체험센터 정문 집합","내부 관람 및 해설 투어","주변 연계 코스 안내"]',
    'ACTIVE',
    NOW(),
    NOW()
  ),
  (
    103,
    'gangneung-7',
    4,
    '강릉 대기리마을',
    'https://tong.visitkorea.or.kr/cms/resource/50/2050650_image2_1.jpg',
    '강원특별자치도 강릉시 왕산면 왕산로 1327',
    4.2,
    253,
    295,
    '1.5시간',
    31000,
    '["한국어","영어"]',
    '["강릉 대기리마을 정문 집합","내부 관람 및 해설 투어","주변 연계 코스 안내"]',
    'ACTIVE',
    NOW(),
    NOW()
  ),
  (
    104,
    'gangneung-8',
    4,
    '강릉 대도호부 관아',
    'https://tong.visitkorea.or.kr/cms/resource/79/3378379_image2_1.JPG',
    '강원특별자치도 강릉시 임영로131번길 6',
    4.8,
    69,
    1383,
    '반나절',
    17000,
    '["한국어","영어"]',
    '["강릉 대도호부 관아 집합 및 투어 안내","주요 관람 포인트 둘러보기","해설 및 자유 관람 마무리"]',
    'ACTIVE',
    NOW(),
    NOW()
  ),
  (
    105,
    'gangneung-9',
    4,
    '강릉 메타버스 체험관',
    'https://tong.visitkorea.or.kr/cms/resource/96/3507296_image2_1.jpg',
    '강원특별자치도 강릉시 난설헌로 131 (초당동)',
    4.3,
    243,
    1094,
    '반나절',
    16000,
    '["한국어"]',
    '["강릉 메타버스 체험관 정문 집합","내부 관람 및 해설 투어","주변 연계 코스 안내"]',
    'ACTIVE',
    NOW(),
    NOW()
  ),
  (
    106,
    'gangneung-10',
    4,
    '강릉 모래내 한과마을(갈골한과)',
    'https://tong.visitkorea.or.kr/cms/resource/75/3029675_image2_1.jpg',
    '강원특별자치도 강릉시 사천면 한과마을길 20',
    4.2,
    441,
    87,
    '1일',
    23000,
    '["한국어","영어","일본어","중국어"]',
    '["강릉 모래내 한과마을(갈골한과) 집합 및 투어 안내","주요 관람 포인트 둘러보기","해설 및 자유 관람 마무리"]',
    'ACTIVE',
    NOW(),
    NOW()
  ),
  (
    107,
    'gangneung-11',
    4,
    '강릉 방동리 무궁화',
    'https://tong.visitkorea.or.kr/cms/resource/39/3050739_image2_1.jpg',
    '강원특별자치도 강릉시 사천면 가마골길 22-8',
    4.2,
    494,
    1795,
    '반나절',
    41000,
    '["한국어","영어","중국어"]',
    '["강릉 방동리 무궁화 도착 및 입장","전경 감상 및 사진 촬영","주변 산책 및 휴식"]',
    'ACTIVE',
    NOW(),
    NOW()
  ),
  (
    108,
    'gangneung-12',
    4,
    '강릉 복사꽃마을',
    'https://tong.visitkorea.or.kr/cms/resource/42/3383742_image2_1.JPG',
    '강원특별자치도 강릉시 신리천로 527-3 복사꽃정보마을센타',
    4.5,
    287,
    1317,
    '2.5시간',
    12000,
    '["한국어","영어","중국어"]',
    '["강릉 복사꽃마을 집합 및 투어 안내","주요 관람 포인트 둘러보기","해설 및 자유 관람 마무리"]',
    'ACTIVE',
    NOW(),
    NOW()
  ),
  (
    109,
    'gangneung-13',
    4,
    '강릉 선교장',
    'https://tong.visitkorea.or.kr/cms/resource/68/3493168_image2_1.jpg',
    '강원특별자치도 강릉시 운정길 63',
    4.3,
    449,
    713,
    '2시간',
    18000,
    '["한국어","영어","중국어"]',
    '["강릉 선교장 정문 집합","내부 관람 및 해설 투어","주변 연계 코스 안내"]',
    'ACTIVE',
    NOW(),
    NOW()
  ),
  (
    110,
    'gangneung-14',
    4,
    '강릉 솔향수목원',
    'https://tong.visitkorea.or.kr/cms/resource/70/3493370_image2_1.jpg',
    '강원특별자치도 강릉시 구정면 수목원길 156',
    4.3,
    502,
    733,
    '1.5시간',
    50000,
    '["한국어","영어","일본어"]',
    '["강릉 솔향수목원 정문 집합","내부 관람 및 해설 투어","주변 연계 코스 안내"]',
    'ACTIVE',
    NOW(),
    NOW()
  ),
  (
    111,
    'gangneung-15',
    4,
    '강릉 안목해맞이공원',
    'https://tong.visitkorea.or.kr/cms/resource/09/3378409_image2_1.JPG',
    '강원특별자치도 강릉시 견소동',
    4.6,
    337,
    454,
    '2.5시간',
    22000,
    '["한국어","영어","중국어"]',
    '["강릉 안목해맞이공원 도착 및 입장","전경 감상 및 사진 촬영","주변 산책 및 휴식"]',
    'ACTIVE',
    NOW(),
    NOW()
  ),
  (
    112,
    'gangneung-16',
    4,
    '강릉 오금집',
    'https://tong.visitkorea.or.kr/cms/resource/31/3378331_image2_1.JPG',
    '강원특별자치도 강릉시 강릉대로210번길 23-9 (임당동)',
    4.5,
    320,
    298,
    '3시간',
    23000,
    '["한국어","영어","일본어"]',
    '["강릉 오금집 집합 및 투어 안내","주요 관람 포인트 둘러보기","해설 및 자유 관람 마무리"]',
    'ACTIVE',
    NOW(),
    NOW()
  ),
  (
    113,
    'gangneung-17',
    4,
    '강릉 월화거리',
    'https://tong.visitkorea.or.kr/cms/resource/49/2921849_image2_1.jpg',
    '강원특별자치도 강릉시 금성로11번길 9',
    4.1,
    70,
    1303,
    '1일',
    44000,
    '["한국어","영어"]',
    '["집합 장소 안내","강릉 월화거리 관람","Q&A 및 마무리"]',
    'ACTIVE',
    NOW(),
    NOW()
  ),
  (
    114,
    'gangneung-18',
    4,
    '강릉 임영관 삼문',
    'https://tong.visitkorea.or.kr/cms/resource/25/3393425_image2_1.JPG',
    '강원특별자치도 강릉시 임영로131번길 6',
    4.8,
    363,
    1273,
    '2시간',
    10000,
    '["한국어","영어","일본어","중국어"]',
    '["강릉 임영관 삼문 정문 집합","내부 관람 및 해설 투어","주변 연계 코스 안내"]',
    'ACTIVE',
    NOW(),
    NOW()
  ),
  (
    115,
    'gangneung-19',
    4,
    '강릉 통일공원',
    'https://tong.visitkorea.or.kr/cms/resource/50/3516850_image2_1.jpg',
    '강원특별자치도 강릉시 율곡로 1715-38 통일안보전시관',
    4.1,
    301,
    1434,
    '반나절',
    18000,
    '["한국어","영어","일본어"]',
    '["강릉 통일공원 도착 및 입장","전경 감상 및 사진 촬영","주변 산책 및 휴식"]',
    'ACTIVE',
    NOW(),
    NOW()
  ),
  (
    116,
    'gangneung-20',
    4,
    '강릉 한복 문화 창작소',
    'https://tong.visitkorea.or.kr/cms/resource/50/3379850_image2_1.jpg',
    '강원특별자치도 강릉시 동부시장3길 9 (옥천동)',
    4.1,
    316,
    1057,
    '1.5시간',
    33000,
    '["한국어","영어","일본어"]',
    '["강릉 한복 문화 창작소 집합 및 투어 안내","주요 관람 포인트 둘러보기","해설 및 자유 관람 마무리"]',
    'ACTIVE',
    NOW(),
    NOW()
  ),
  (
    117,
    'gangneung-21',
    4,
    '강릉 한울타리마을',
    'https://tong.visitkorea.or.kr/cms/resource/99/3378399_image2_1.JPG',
    '강원특별자치도 강릉시 옥계면 북동용소길 137',
    4.5,
    458,
    355,
    '1일',
    34000,
    '["한국어","영어","일본어","중국어"]',
    '["강릉 한울타리마을 집합 및 투어 안내","주요 관람 포인트 둘러보기","해설 및 자유 관람 마무리"]',
    'ACTIVE',
    NOW(),
    NOW()
  ),
  (
    118,
    'gangneung-22',
    4,
    '강릉 해살이마을',
    'https://tong.visitkorea.or.kr/cms/resource/60/3383760_image2_1.JPG',
    '강원특별자치도 강릉시 사천면 중앙서로 557-1',
    4.3,
    286,
    1200,
    '1일',
    38000,
    '["한국어","영어"]',
    '["집합 장소 안내","강릉 해살이마을 관람","Q&A 및 마무리"]',
    'ACTIVE',
    NOW(),
    NOW()
  ),
  (
    119,
    'gangneung-23',
    4,
    '강릉 해운정',
    'https://tong.visitkorea.or.kr/cms/resource/55/3528055_image2_1.jpg',
    '강원특별자치도 강릉시 운정길 125',
    4.6,
    248,
    273,
    '3시간',
    47000,
    '["한국어","영어"]',
    '["강릉 해운정 정문 집합","내부 관람 및 해설 투어","주변 연계 코스 안내"]',
    'ACTIVE',
    NOW(),
    NOW()
  ),
  (
    120,
    'gangneung-24',
    4,
    '강릉수월래',
    'https://tong.visitkorea.or.kr/cms/resource/93/3050593_image2_1.jpg',
    '강원특별자치도 강릉시 죽헌길9번길 17 (유천동)',
    4.1,
    224,
    1784,
    '1일',
    33000,
    '["한국어","영어","일본어"]',
    '["집합 장소 안내","강릉수월래 관람","Q&A 및 마무리"]',
    'ACTIVE',
    NOW(),
    NOW()
  ),
  (
    121,
    'gangneung-25',
    4,
    '강릉시강남축구공원',
    'https://tong.visitkorea.or.kr/cms/resource/95/3406895_image2_1.jpg',
    '강원특별자치도 강릉시 남부로 226 (노암동)',
    4.6,
    148,
    1338,
    '2시간',
    28000,
    '["한국어","영어","중국어"]',
    '["강릉시강남축구공원 정문 집합","내부 관람 및 해설 투어","주변 연계 코스 안내"]',
    'ACTIVE',
    NOW(),
    NOW()
  ),
  (
    122,
    'gangneung-26',
    4,
    '강릉아기동물농장',
    'https://tong.visitkorea.or.kr/cms/resource/28/3499728_image2_1.jpg',
    '강원특별자치도 강릉시 사천면 해안로 1121-144',
    4.1,
    220,
    438,
    '1일',
    14000,
    '["한국어","영어","일본어"]',
    '["강릉아기동물농장 정문 집합","내부 관람 및 해설 투어","주변 연계 코스 안내"]',
    'ACTIVE',
    NOW(),
    NOW()
  ),
  (
    123,
    'gangneung-27',
    4,
    '강릉아트센터',
    'https://tong.visitkorea.or.kr/cms/resource/95/3531895_image2_1.jpg',
    '강원특별자치도 강릉시 종합운동장길 84',
    4.5,
    180,
    302,
    '2시간',
    14000,
    '["한국어","영어","일본어"]',
    '["집합 장소 안내","강릉아트센터 관람","Q&A 및 마무리"]',
    'ACTIVE',
    NOW(),
    NOW()
  ),
  (
    124,
    'gangneung-28',
    4,
    '강릉안반데기관광농원',
    'https://tong.visitkorea.or.kr/cms/resource/04/3500804_image2_1.jpg',
    '강원특별자치도 강릉시 안반데기1길 203',
    4.1,
    394,
    1023,
    '1.5시간',
    45000,
    '["한국어"]',
    '["강릉안반데기관광농원 집합 및 투어 안내","주요 관람 포인트 둘러보기","해설 및 자유 관람 마무리"]',
    'ACTIVE',
    NOW(),
    NOW()
  ),
  (
    125,
    'gangneung-29',
    4,
    '강릉커피거리',
    'https://tong.visitkorea.or.kr/cms/resource/93/3557693_image2_1.jpg',
    '강원특별자치도 강릉시 창해로14번길 20-1',
    4.1,
    448,
    817,
    '1.5시간',
    25000,
    '["한국어","영어","중국어"]',
    '["강릉커피거리 집합 및 투어 안내","주요 관람 포인트 둘러보기","해설 및 자유 관람 마무리"]',
    'ACTIVE',
    NOW(),
    NOW()
  ),
  (
    126,
    'gangneung-30',
    4,
    '강릉항',
    'https://tong.visitkorea.or.kr/cms/resource/82/2921882_image2_1.jpg',
    '강원특별자치도 강릉시 창해로14번길 55-11',
    4.6,
    153,
    1465,
    '3시간',
    12000,
    '["한국어","영어","중국어"]',
    '["강릉항 도착 및 입장","전경 감상 및 사진 촬영","주변 산책 및 휴식"]',
    'ACTIVE',
    NOW(),
    NOW()
  ),
  (
    127,
    'gangneung-31',
    4,
    '강릉향교',
    'https://tong.visitkorea.or.kr/cms/resource/99/3374199_image2_1.JPG',
    '강원특별자치도 강릉시 명륜로 29',
    4.6,
    66,
    1181,
    '2.5시간',
    49000,
    '["한국어","영어","일본어","중국어"]',
    '["강릉향교 집합 및 투어 안내","주요 관람 포인트 둘러보기","해설 및 자유 관람 마무리"]',
    'ACTIVE',
    NOW(),
    NOW()
  ),
  (
    128,
    'gangneung-32',
    4,
    '강문솟대다리',
    'https://tong.visitkorea.or.kr/cms/resource/32/2921932_image2_1.jpg',
    '강원특별자치도 강릉시 해안로406번길 2 (강문동)',
    4.8,
    43,
    694,
    '1일',
    27000,
    '["한국어","영어","일본어"]',
    '["집합 장소 안내","강문솟대다리 관람","Q&A 및 마무리"]',
    'ACTIVE',
    NOW(),
    NOW()
  )
ON DUPLICATE KEY UPDATE
  external_product_id = VALUES(external_product_id),
  region_id = VALUES(region_id),
  title = VALUES(title),
  image_url = VALUES(image_url),
  address = VALUES(address),
  satisfaction = VALUES(satisfaction),
  review_count = VALUES(review_count),
  bookings = VALUES(bookings),
  duration = VALUES(duration),
  price_per_person = VALUES(price_per_person),
  languages = VALUES(languages),
  itinerary = VALUES(itinerary),
  status = VALUES(status),
  updated_at = VALUES(updated_at);

INSERT INTO product_dates (
  product_date_id,
  product_id,
  available_date,
  status,
  created_at,
  updated_at
) VALUES
  (1, 1, DATE_ADD(CURDATE(), INTERVAL 1 DAY), 'OPEN', NOW(), NOW()),
  (2, 1, DATE_ADD(CURDATE(), INTERVAL 2 DAY), 'OPEN', NOW(), NOW()),
  (3, 1, DATE_ADD(CURDATE(), INTERVAL 3 DAY), 'OPEN', NOW(), NOW()),
  (4, 1, DATE_ADD(CURDATE(), INTERVAL 4 DAY), 'OPEN', NOW(), NOW()),
  (5, 1, DATE_ADD(CURDATE(), INTERVAL 5 DAY), 'OPEN', NOW(), NOW()),
  (6, 1, DATE_ADD(CURDATE(), INTERVAL 6 DAY), 'OPEN', NOW(), NOW()),
  (7, 1, DATE_ADD(CURDATE(), INTERVAL 7 DAY), 'OPEN', NOW(), NOW()),
  (8, 1, DATE_ADD(CURDATE(), INTERVAL 8 DAY), 'OPEN', NOW(), NOW()),
  (9, 1, DATE_ADD(CURDATE(), INTERVAL 9 DAY), 'OPEN', NOW(), NOW()),
  (10, 1, DATE_ADD(CURDATE(), INTERVAL 10 DAY), 'OPEN', NOW(), NOW()),
  (11, 1, DATE_ADD(CURDATE(), INTERVAL 11 DAY), 'OPEN', NOW(), NOW()),
  (12, 1, DATE_ADD(CURDATE(), INTERVAL 12 DAY), 'OPEN', NOW(), NOW()),
  (13, 2, DATE_ADD(CURDATE(), INTERVAL 1 DAY), 'OPEN', NOW(), NOW()),
  (14, 2, DATE_ADD(CURDATE(), INTERVAL 2 DAY), 'OPEN', NOW(), NOW()),
  (15, 2, DATE_ADD(CURDATE(), INTERVAL 3 DAY), 'OPEN', NOW(), NOW()),
  (16, 2, DATE_ADD(CURDATE(), INTERVAL 4 DAY), 'OPEN', NOW(), NOW()),
  (17, 2, DATE_ADD(CURDATE(), INTERVAL 5 DAY), 'OPEN', NOW(), NOW()),
  (18, 2, DATE_ADD(CURDATE(), INTERVAL 6 DAY), 'OPEN', NOW(), NOW()),
  (19, 2, DATE_ADD(CURDATE(), INTERVAL 7 DAY), 'OPEN', NOW(), NOW()),
  (20, 2, DATE_ADD(CURDATE(), INTERVAL 8 DAY), 'OPEN', NOW(), NOW()),
  (21, 2, DATE_ADD(CURDATE(), INTERVAL 9 DAY), 'OPEN', NOW(), NOW()),
  (22, 2, DATE_ADD(CURDATE(), INTERVAL 10 DAY), 'OPEN', NOW(), NOW()),
  (23, 2, DATE_ADD(CURDATE(), INTERVAL 11 DAY), 'OPEN', NOW(), NOW()),
  (24, 2, DATE_ADD(CURDATE(), INTERVAL 12 DAY), 'OPEN', NOW(), NOW()),
  (25, 3, DATE_ADD(CURDATE(), INTERVAL 1 DAY), 'OPEN', NOW(), NOW()),
  (26, 3, DATE_ADD(CURDATE(), INTERVAL 2 DAY), 'OPEN', NOW(), NOW()),
  (27, 3, DATE_ADD(CURDATE(), INTERVAL 3 DAY), 'OPEN', NOW(), NOW()),
  (28, 3, DATE_ADD(CURDATE(), INTERVAL 4 DAY), 'OPEN', NOW(), NOW()),
  (29, 3, DATE_ADD(CURDATE(), INTERVAL 5 DAY), 'OPEN', NOW(), NOW()),
  (30, 3, DATE_ADD(CURDATE(), INTERVAL 6 DAY), 'OPEN', NOW(), NOW()),
  (31, 3, DATE_ADD(CURDATE(), INTERVAL 7 DAY), 'OPEN', NOW(), NOW()),
  (32, 3, DATE_ADD(CURDATE(), INTERVAL 8 DAY), 'OPEN', NOW(), NOW()),
  (33, 3, DATE_ADD(CURDATE(), INTERVAL 9 DAY), 'OPEN', NOW(), NOW()),
  (34, 3, DATE_ADD(CURDATE(), INTERVAL 10 DAY), 'OPEN', NOW(), NOW()),
  (35, 3, DATE_ADD(CURDATE(), INTERVAL 11 DAY), 'OPEN', NOW(), NOW()),
  (36, 3, DATE_ADD(CURDATE(), INTERVAL 12 DAY), 'OPEN', NOW(), NOW()),
  (37, 4, DATE_ADD(CURDATE(), INTERVAL 1 DAY), 'OPEN', NOW(), NOW()),
  (38, 4, DATE_ADD(CURDATE(), INTERVAL 2 DAY), 'OPEN', NOW(), NOW()),
  (39, 4, DATE_ADD(CURDATE(), INTERVAL 3 DAY), 'OPEN', NOW(), NOW()),
  (40, 4, DATE_ADD(CURDATE(), INTERVAL 4 DAY), 'OPEN', NOW(), NOW()),
  (41, 4, DATE_ADD(CURDATE(), INTERVAL 5 DAY), 'OPEN', NOW(), NOW()),
  (42, 4, DATE_ADD(CURDATE(), INTERVAL 6 DAY), 'OPEN', NOW(), NOW()),
  (43, 4, DATE_ADD(CURDATE(), INTERVAL 7 DAY), 'OPEN', NOW(), NOW()),
  (44, 4, DATE_ADD(CURDATE(), INTERVAL 8 DAY), 'OPEN', NOW(), NOW()),
  (45, 4, DATE_ADD(CURDATE(), INTERVAL 9 DAY), 'OPEN', NOW(), NOW()),
  (46, 4, DATE_ADD(CURDATE(), INTERVAL 10 DAY), 'OPEN', NOW(), NOW()),
  (47, 4, DATE_ADD(CURDATE(), INTERVAL 11 DAY), 'OPEN', NOW(), NOW()),
  (48, 4, DATE_ADD(CURDATE(), INTERVAL 12 DAY), 'OPEN', NOW(), NOW()),
  (49, 5, DATE_ADD(CURDATE(), INTERVAL 1 DAY), 'OPEN', NOW(), NOW()),
  (50, 5, DATE_ADD(CURDATE(), INTERVAL 2 DAY), 'OPEN', NOW(), NOW()),
  (51, 5, DATE_ADD(CURDATE(), INTERVAL 3 DAY), 'OPEN', NOW(), NOW()),
  (52, 5, DATE_ADD(CURDATE(), INTERVAL 4 DAY), 'OPEN', NOW(), NOW()),
  (53, 5, DATE_ADD(CURDATE(), INTERVAL 5 DAY), 'OPEN', NOW(), NOW()),
  (54, 5, DATE_ADD(CURDATE(), INTERVAL 6 DAY), 'OPEN', NOW(), NOW()),
  (55, 5, DATE_ADD(CURDATE(), INTERVAL 7 DAY), 'OPEN', NOW(), NOW()),
  (56, 5, DATE_ADD(CURDATE(), INTERVAL 8 DAY), 'OPEN', NOW(), NOW()),
  (57, 5, DATE_ADD(CURDATE(), INTERVAL 9 DAY), 'OPEN', NOW(), NOW()),
  (58, 5, DATE_ADD(CURDATE(), INTERVAL 10 DAY), 'OPEN', NOW(), NOW()),
  (59, 5, DATE_ADD(CURDATE(), INTERVAL 11 DAY), 'OPEN', NOW(), NOW()),
  (60, 5, DATE_ADD(CURDATE(), INTERVAL 12 DAY), 'OPEN', NOW(), NOW()),
  (61, 6, DATE_ADD(CURDATE(), INTERVAL 1 DAY), 'OPEN', NOW(), NOW()),
  (62, 6, DATE_ADD(CURDATE(), INTERVAL 2 DAY), 'OPEN', NOW(), NOW()),
  (63, 6, DATE_ADD(CURDATE(), INTERVAL 3 DAY), 'OPEN', NOW(), NOW()),
  (64, 6, DATE_ADD(CURDATE(), INTERVAL 4 DAY), 'OPEN', NOW(), NOW()),
  (65, 6, DATE_ADD(CURDATE(), INTERVAL 5 DAY), 'OPEN', NOW(), NOW()),
  (66, 6, DATE_ADD(CURDATE(), INTERVAL 6 DAY), 'OPEN', NOW(), NOW()),
  (67, 6, DATE_ADD(CURDATE(), INTERVAL 7 DAY), 'OPEN', NOW(), NOW()),
  (68, 6, DATE_ADD(CURDATE(), INTERVAL 8 DAY), 'OPEN', NOW(), NOW()),
  (69, 6, DATE_ADD(CURDATE(), INTERVAL 9 DAY), 'OPEN', NOW(), NOW()),
  (70, 6, DATE_ADD(CURDATE(), INTERVAL 10 DAY), 'OPEN', NOW(), NOW()),
  (71, 6, DATE_ADD(CURDATE(), INTERVAL 11 DAY), 'OPEN', NOW(), NOW()),
  (72, 6, DATE_ADD(CURDATE(), INTERVAL 12 DAY), 'OPEN', NOW(), NOW()),
  (73, 7, DATE_ADD(CURDATE(), INTERVAL 1 DAY), 'OPEN', NOW(), NOW()),
  (74, 7, DATE_ADD(CURDATE(), INTERVAL 2 DAY), 'OPEN', NOW(), NOW()),
  (75, 7, DATE_ADD(CURDATE(), INTERVAL 3 DAY), 'OPEN', NOW(), NOW()),
  (76, 7, DATE_ADD(CURDATE(), INTERVAL 4 DAY), 'OPEN', NOW(), NOW()),
  (77, 7, DATE_ADD(CURDATE(), INTERVAL 5 DAY), 'OPEN', NOW(), NOW()),
  (78, 7, DATE_ADD(CURDATE(), INTERVAL 6 DAY), 'OPEN', NOW(), NOW()),
  (79, 7, DATE_ADD(CURDATE(), INTERVAL 7 DAY), 'OPEN', NOW(), NOW()),
  (80, 7, DATE_ADD(CURDATE(), INTERVAL 8 DAY), 'OPEN', NOW(), NOW()),
  (81, 7, DATE_ADD(CURDATE(), INTERVAL 9 DAY), 'OPEN', NOW(), NOW()),
  (82, 7, DATE_ADD(CURDATE(), INTERVAL 10 DAY), 'OPEN', NOW(), NOW()),
  (83, 7, DATE_ADD(CURDATE(), INTERVAL 11 DAY), 'OPEN', NOW(), NOW()),
  (84, 7, DATE_ADD(CURDATE(), INTERVAL 12 DAY), 'OPEN', NOW(), NOW()),
  (85, 8, DATE_ADD(CURDATE(), INTERVAL 1 DAY), 'OPEN', NOW(), NOW()),
  (86, 8, DATE_ADD(CURDATE(), INTERVAL 2 DAY), 'OPEN', NOW(), NOW()),
  (87, 8, DATE_ADD(CURDATE(), INTERVAL 3 DAY), 'OPEN', NOW(), NOW()),
  (88, 8, DATE_ADD(CURDATE(), INTERVAL 4 DAY), 'OPEN', NOW(), NOW()),
  (89, 8, DATE_ADD(CURDATE(), INTERVAL 5 DAY), 'OPEN', NOW(), NOW()),
  (90, 8, DATE_ADD(CURDATE(), INTERVAL 6 DAY), 'OPEN', NOW(), NOW()),
  (91, 8, DATE_ADD(CURDATE(), INTERVAL 7 DAY), 'OPEN', NOW(), NOW()),
  (92, 8, DATE_ADD(CURDATE(), INTERVAL 8 DAY), 'OPEN', NOW(), NOW()),
  (93, 8, DATE_ADD(CURDATE(), INTERVAL 9 DAY), 'OPEN', NOW(), NOW()),
  (94, 8, DATE_ADD(CURDATE(), INTERVAL 10 DAY), 'OPEN', NOW(), NOW()),
  (95, 8, DATE_ADD(CURDATE(), INTERVAL 11 DAY), 'OPEN', NOW(), NOW()),
  (96, 8, DATE_ADD(CURDATE(), INTERVAL 12 DAY), 'OPEN', NOW(), NOW()),
  (97, 9, DATE_ADD(CURDATE(), INTERVAL 1 DAY), 'OPEN', NOW(), NOW()),
  (98, 9, DATE_ADD(CURDATE(), INTERVAL 2 DAY), 'OPEN', NOW(), NOW()),
  (99, 9, DATE_ADD(CURDATE(), INTERVAL 3 DAY), 'OPEN', NOW(), NOW()),
  (100, 9, DATE_ADD(CURDATE(), INTERVAL 4 DAY), 'OPEN', NOW(), NOW()),
  (101, 9, DATE_ADD(CURDATE(), INTERVAL 5 DAY), 'OPEN', NOW(), NOW()),
  (102, 9, DATE_ADD(CURDATE(), INTERVAL 6 DAY), 'OPEN', NOW(), NOW()),
  (103, 9, DATE_ADD(CURDATE(), INTERVAL 7 DAY), 'OPEN', NOW(), NOW()),
  (104, 9, DATE_ADD(CURDATE(), INTERVAL 8 DAY), 'OPEN', NOW(), NOW()),
  (105, 9, DATE_ADD(CURDATE(), INTERVAL 9 DAY), 'OPEN', NOW(), NOW()),
  (106, 9, DATE_ADD(CURDATE(), INTERVAL 10 DAY), 'OPEN', NOW(), NOW()),
  (107, 9, DATE_ADD(CURDATE(), INTERVAL 11 DAY), 'OPEN', NOW(), NOW()),
  (108, 9, DATE_ADD(CURDATE(), INTERVAL 12 DAY), 'OPEN', NOW(), NOW()),
  (109, 10, DATE_ADD(CURDATE(), INTERVAL 1 DAY), 'OPEN', NOW(), NOW()),
  (110, 10, DATE_ADD(CURDATE(), INTERVAL 2 DAY), 'OPEN', NOW(), NOW()),
  (111, 10, DATE_ADD(CURDATE(), INTERVAL 3 DAY), 'OPEN', NOW(), NOW()),
  (112, 10, DATE_ADD(CURDATE(), INTERVAL 4 DAY), 'OPEN', NOW(), NOW()),
  (113, 10, DATE_ADD(CURDATE(), INTERVAL 5 DAY), 'OPEN', NOW(), NOW()),
  (114, 10, DATE_ADD(CURDATE(), INTERVAL 6 DAY), 'OPEN', NOW(), NOW()),
  (115, 10, DATE_ADD(CURDATE(), INTERVAL 7 DAY), 'OPEN', NOW(), NOW()),
  (116, 10, DATE_ADD(CURDATE(), INTERVAL 8 DAY), 'OPEN', NOW(), NOW()),
  (117, 10, DATE_ADD(CURDATE(), INTERVAL 9 DAY), 'OPEN', NOW(), NOW()),
  (118, 10, DATE_ADD(CURDATE(), INTERVAL 10 DAY), 'OPEN', NOW(), NOW()),
  (119, 10, DATE_ADD(CURDATE(), INTERVAL 11 DAY), 'OPEN', NOW(), NOW()),
  (120, 10, DATE_ADD(CURDATE(), INTERVAL 12 DAY), 'OPEN', NOW(), NOW()),
  (121, 11, DATE_ADD(CURDATE(), INTERVAL 1 DAY), 'OPEN', NOW(), NOW()),
  (122, 11, DATE_ADD(CURDATE(), INTERVAL 2 DAY), 'OPEN', NOW(), NOW()),
  (123, 11, DATE_ADD(CURDATE(), INTERVAL 3 DAY), 'OPEN', NOW(), NOW()),
  (124, 11, DATE_ADD(CURDATE(), INTERVAL 4 DAY), 'OPEN', NOW(), NOW()),
  (125, 11, DATE_ADD(CURDATE(), INTERVAL 5 DAY), 'OPEN', NOW(), NOW()),
  (126, 11, DATE_ADD(CURDATE(), INTERVAL 6 DAY), 'OPEN', NOW(), NOW()),
  (127, 11, DATE_ADD(CURDATE(), INTERVAL 7 DAY), 'OPEN', NOW(), NOW()),
  (128, 11, DATE_ADD(CURDATE(), INTERVAL 8 DAY), 'OPEN', NOW(), NOW()),
  (129, 11, DATE_ADD(CURDATE(), INTERVAL 9 DAY), 'OPEN', NOW(), NOW()),
  (130, 11, DATE_ADD(CURDATE(), INTERVAL 10 DAY), 'OPEN', NOW(), NOW()),
  (131, 11, DATE_ADD(CURDATE(), INTERVAL 11 DAY), 'OPEN', NOW(), NOW()),
  (132, 11, DATE_ADD(CURDATE(), INTERVAL 12 DAY), 'OPEN', NOW(), NOW()),
  (133, 12, DATE_ADD(CURDATE(), INTERVAL 1 DAY), 'OPEN', NOW(), NOW()),
  (134, 12, DATE_ADD(CURDATE(), INTERVAL 2 DAY), 'OPEN', NOW(), NOW()),
  (135, 12, DATE_ADD(CURDATE(), INTERVAL 3 DAY), 'OPEN', NOW(), NOW()),
  (136, 12, DATE_ADD(CURDATE(), INTERVAL 4 DAY), 'OPEN', NOW(), NOW()),
  (137, 12, DATE_ADD(CURDATE(), INTERVAL 5 DAY), 'OPEN', NOW(), NOW()),
  (138, 12, DATE_ADD(CURDATE(), INTERVAL 6 DAY), 'OPEN', NOW(), NOW()),
  (139, 12, DATE_ADD(CURDATE(), INTERVAL 7 DAY), 'OPEN', NOW(), NOW()),
  (140, 12, DATE_ADD(CURDATE(), INTERVAL 8 DAY), 'OPEN', NOW(), NOW()),
  (141, 12, DATE_ADD(CURDATE(), INTERVAL 9 DAY), 'OPEN', NOW(), NOW()),
  (142, 12, DATE_ADD(CURDATE(), INTERVAL 10 DAY), 'OPEN', NOW(), NOW()),
  (143, 12, DATE_ADD(CURDATE(), INTERVAL 11 DAY), 'OPEN', NOW(), NOW()),
  (144, 12, DATE_ADD(CURDATE(), INTERVAL 12 DAY), 'OPEN', NOW(), NOW()),
  (145, 13, DATE_ADD(CURDATE(), INTERVAL 1 DAY), 'OPEN', NOW(), NOW()),
  (146, 13, DATE_ADD(CURDATE(), INTERVAL 2 DAY), 'OPEN', NOW(), NOW()),
  (147, 13, DATE_ADD(CURDATE(), INTERVAL 3 DAY), 'OPEN', NOW(), NOW()),
  (148, 13, DATE_ADD(CURDATE(), INTERVAL 4 DAY), 'OPEN', NOW(), NOW()),
  (149, 13, DATE_ADD(CURDATE(), INTERVAL 5 DAY), 'OPEN', NOW(), NOW()),
  (150, 13, DATE_ADD(CURDATE(), INTERVAL 6 DAY), 'OPEN', NOW(), NOW()),
  (151, 13, DATE_ADD(CURDATE(), INTERVAL 7 DAY), 'OPEN', NOW(), NOW()),
  (152, 13, DATE_ADD(CURDATE(), INTERVAL 8 DAY), 'OPEN', NOW(), NOW()),
  (153, 13, DATE_ADD(CURDATE(), INTERVAL 9 DAY), 'OPEN', NOW(), NOW()),
  (154, 13, DATE_ADD(CURDATE(), INTERVAL 10 DAY), 'OPEN', NOW(), NOW()),
  (155, 13, DATE_ADD(CURDATE(), INTERVAL 11 DAY), 'OPEN', NOW(), NOW()),
  (156, 13, DATE_ADD(CURDATE(), INTERVAL 12 DAY), 'OPEN', NOW(), NOW()),
  (157, 14, DATE_ADD(CURDATE(), INTERVAL 1 DAY), 'OPEN', NOW(), NOW()),
  (158, 14, DATE_ADD(CURDATE(), INTERVAL 2 DAY), 'OPEN', NOW(), NOW()),
  (159, 14, DATE_ADD(CURDATE(), INTERVAL 3 DAY), 'OPEN', NOW(), NOW()),
  (160, 14, DATE_ADD(CURDATE(), INTERVAL 4 DAY), 'OPEN', NOW(), NOW()),
  (161, 14, DATE_ADD(CURDATE(), INTERVAL 5 DAY), 'OPEN', NOW(), NOW()),
  (162, 14, DATE_ADD(CURDATE(), INTERVAL 6 DAY), 'OPEN', NOW(), NOW()),
  (163, 14, DATE_ADD(CURDATE(), INTERVAL 7 DAY), 'OPEN', NOW(), NOW()),
  (164, 14, DATE_ADD(CURDATE(), INTERVAL 8 DAY), 'OPEN', NOW(), NOW()),
  (165, 14, DATE_ADD(CURDATE(), INTERVAL 9 DAY), 'OPEN', NOW(), NOW()),
  (166, 14, DATE_ADD(CURDATE(), INTERVAL 10 DAY), 'OPEN', NOW(), NOW()),
  (167, 14, DATE_ADD(CURDATE(), INTERVAL 11 DAY), 'OPEN', NOW(), NOW()),
  (168, 14, DATE_ADD(CURDATE(), INTERVAL 12 DAY), 'OPEN', NOW(), NOW()),
  (169, 15, DATE_ADD(CURDATE(), INTERVAL 1 DAY), 'OPEN', NOW(), NOW()),
  (170, 15, DATE_ADD(CURDATE(), INTERVAL 2 DAY), 'OPEN', NOW(), NOW()),
  (171, 15, DATE_ADD(CURDATE(), INTERVAL 3 DAY), 'OPEN', NOW(), NOW()),
  (172, 15, DATE_ADD(CURDATE(), INTERVAL 4 DAY), 'OPEN', NOW(), NOW()),
  (173, 15, DATE_ADD(CURDATE(), INTERVAL 5 DAY), 'OPEN', NOW(), NOW()),
  (174, 15, DATE_ADD(CURDATE(), INTERVAL 6 DAY), 'OPEN', NOW(), NOW()),
  (175, 15, DATE_ADD(CURDATE(), INTERVAL 7 DAY), 'OPEN', NOW(), NOW()),
  (176, 15, DATE_ADD(CURDATE(), INTERVAL 8 DAY), 'OPEN', NOW(), NOW()),
  (177, 15, DATE_ADD(CURDATE(), INTERVAL 9 DAY), 'OPEN', NOW(), NOW()),
  (178, 15, DATE_ADD(CURDATE(), INTERVAL 10 DAY), 'OPEN', NOW(), NOW()),
  (179, 15, DATE_ADD(CURDATE(), INTERVAL 11 DAY), 'OPEN', NOW(), NOW()),
  (180, 15, DATE_ADD(CURDATE(), INTERVAL 12 DAY), 'OPEN', NOW(), NOW()),
  (181, 16, DATE_ADD(CURDATE(), INTERVAL 1 DAY), 'OPEN', NOW(), NOW()),
  (182, 16, DATE_ADD(CURDATE(), INTERVAL 2 DAY), 'OPEN', NOW(), NOW()),
  (183, 16, DATE_ADD(CURDATE(), INTERVAL 3 DAY), 'OPEN', NOW(), NOW()),
  (184, 16, DATE_ADD(CURDATE(), INTERVAL 4 DAY), 'OPEN', NOW(), NOW()),
  (185, 16, DATE_ADD(CURDATE(), INTERVAL 5 DAY), 'OPEN', NOW(), NOW()),
  (186, 16, DATE_ADD(CURDATE(), INTERVAL 6 DAY), 'OPEN', NOW(), NOW()),
  (187, 16, DATE_ADD(CURDATE(), INTERVAL 7 DAY), 'OPEN', NOW(), NOW()),
  (188, 16, DATE_ADD(CURDATE(), INTERVAL 8 DAY), 'OPEN', NOW(), NOW()),
  (189, 16, DATE_ADD(CURDATE(), INTERVAL 9 DAY), 'OPEN', NOW(), NOW()),
  (190, 16, DATE_ADD(CURDATE(), INTERVAL 10 DAY), 'OPEN', NOW(), NOW()),
  (191, 16, DATE_ADD(CURDATE(), INTERVAL 11 DAY), 'OPEN', NOW(), NOW()),
  (192, 16, DATE_ADD(CURDATE(), INTERVAL 12 DAY), 'OPEN', NOW(), NOW()),
  (193, 17, DATE_ADD(CURDATE(), INTERVAL 1 DAY), 'OPEN', NOW(), NOW()),
  (194, 17, DATE_ADD(CURDATE(), INTERVAL 2 DAY), 'OPEN', NOW(), NOW()),
  (195, 17, DATE_ADD(CURDATE(), INTERVAL 3 DAY), 'OPEN', NOW(), NOW()),
  (196, 17, DATE_ADD(CURDATE(), INTERVAL 4 DAY), 'OPEN', NOW(), NOW()),
  (197, 17, DATE_ADD(CURDATE(), INTERVAL 5 DAY), 'OPEN', NOW(), NOW()),
  (198, 17, DATE_ADD(CURDATE(), INTERVAL 6 DAY), 'OPEN', NOW(), NOW()),
  (199, 17, DATE_ADD(CURDATE(), INTERVAL 7 DAY), 'OPEN', NOW(), NOW()),
  (200, 17, DATE_ADD(CURDATE(), INTERVAL 8 DAY), 'OPEN', NOW(), NOW()),
  (201, 17, DATE_ADD(CURDATE(), INTERVAL 9 DAY), 'OPEN', NOW(), NOW()),
  (202, 17, DATE_ADD(CURDATE(), INTERVAL 10 DAY), 'OPEN', NOW(), NOW()),
  (203, 17, DATE_ADD(CURDATE(), INTERVAL 11 DAY), 'OPEN', NOW(), NOW()),
  (204, 17, DATE_ADD(CURDATE(), INTERVAL 12 DAY), 'OPEN', NOW(), NOW()),
  (205, 18, DATE_ADD(CURDATE(), INTERVAL 1 DAY), 'OPEN', NOW(), NOW()),
  (206, 18, DATE_ADD(CURDATE(), INTERVAL 2 DAY), 'OPEN', NOW(), NOW()),
  (207, 18, DATE_ADD(CURDATE(), INTERVAL 3 DAY), 'OPEN', NOW(), NOW()),
  (208, 18, DATE_ADD(CURDATE(), INTERVAL 4 DAY), 'OPEN', NOW(), NOW()),
  (209, 18, DATE_ADD(CURDATE(), INTERVAL 5 DAY), 'OPEN', NOW(), NOW()),
  (210, 18, DATE_ADD(CURDATE(), INTERVAL 6 DAY), 'OPEN', NOW(), NOW()),
  (211, 18, DATE_ADD(CURDATE(), INTERVAL 7 DAY), 'OPEN', NOW(), NOW()),
  (212, 18, DATE_ADD(CURDATE(), INTERVAL 8 DAY), 'OPEN', NOW(), NOW()),
  (213, 18, DATE_ADD(CURDATE(), INTERVAL 9 DAY), 'OPEN', NOW(), NOW()),
  (214, 18, DATE_ADD(CURDATE(), INTERVAL 10 DAY), 'OPEN', NOW(), NOW()),
  (215, 18, DATE_ADD(CURDATE(), INTERVAL 11 DAY), 'OPEN', NOW(), NOW()),
  (216, 18, DATE_ADD(CURDATE(), INTERVAL 12 DAY), 'OPEN', NOW(), NOW()),
  (217, 19, DATE_ADD(CURDATE(), INTERVAL 1 DAY), 'OPEN', NOW(), NOW()),
  (218, 19, DATE_ADD(CURDATE(), INTERVAL 2 DAY), 'OPEN', NOW(), NOW()),
  (219, 19, DATE_ADD(CURDATE(), INTERVAL 3 DAY), 'OPEN', NOW(), NOW()),
  (220, 19, DATE_ADD(CURDATE(), INTERVAL 4 DAY), 'OPEN', NOW(), NOW()),
  (221, 19, DATE_ADD(CURDATE(), INTERVAL 5 DAY), 'OPEN', NOW(), NOW()),
  (222, 19, DATE_ADD(CURDATE(), INTERVAL 6 DAY), 'OPEN', NOW(), NOW()),
  (223, 19, DATE_ADD(CURDATE(), INTERVAL 7 DAY), 'OPEN', NOW(), NOW()),
  (224, 19, DATE_ADD(CURDATE(), INTERVAL 8 DAY), 'OPEN', NOW(), NOW()),
  (225, 19, DATE_ADD(CURDATE(), INTERVAL 9 DAY), 'OPEN', NOW(), NOW()),
  (226, 19, DATE_ADD(CURDATE(), INTERVAL 10 DAY), 'OPEN', NOW(), NOW()),
  (227, 19, DATE_ADD(CURDATE(), INTERVAL 11 DAY), 'OPEN', NOW(), NOW()),
  (228, 19, DATE_ADD(CURDATE(), INTERVAL 12 DAY), 'OPEN', NOW(), NOW()),
  (229, 20, DATE_ADD(CURDATE(), INTERVAL 1 DAY), 'OPEN', NOW(), NOW()),
  (230, 20, DATE_ADD(CURDATE(), INTERVAL 2 DAY), 'OPEN', NOW(), NOW()),
  (231, 20, DATE_ADD(CURDATE(), INTERVAL 3 DAY), 'OPEN', NOW(), NOW()),
  (232, 20, DATE_ADD(CURDATE(), INTERVAL 4 DAY), 'OPEN', NOW(), NOW()),
  (233, 20, DATE_ADD(CURDATE(), INTERVAL 5 DAY), 'OPEN', NOW(), NOW()),
  (234, 20, DATE_ADD(CURDATE(), INTERVAL 6 DAY), 'OPEN', NOW(), NOW()),
  (235, 20, DATE_ADD(CURDATE(), INTERVAL 7 DAY), 'OPEN', NOW(), NOW()),
  (236, 20, DATE_ADD(CURDATE(), INTERVAL 8 DAY), 'OPEN', NOW(), NOW()),
  (237, 20, DATE_ADD(CURDATE(), INTERVAL 9 DAY), 'OPEN', NOW(), NOW()),
  (238, 20, DATE_ADD(CURDATE(), INTERVAL 10 DAY), 'OPEN', NOW(), NOW()),
  (239, 20, DATE_ADD(CURDATE(), INTERVAL 11 DAY), 'OPEN', NOW(), NOW()),
  (240, 20, DATE_ADD(CURDATE(), INTERVAL 12 DAY), 'OPEN', NOW(), NOW()),
  (241, 21, DATE_ADD(CURDATE(), INTERVAL 1 DAY), 'OPEN', NOW(), NOW()),
  (242, 21, DATE_ADD(CURDATE(), INTERVAL 2 DAY), 'OPEN', NOW(), NOW()),
  (243, 21, DATE_ADD(CURDATE(), INTERVAL 3 DAY), 'OPEN', NOW(), NOW()),
  (244, 21, DATE_ADD(CURDATE(), INTERVAL 4 DAY), 'OPEN', NOW(), NOW()),
  (245, 21, DATE_ADD(CURDATE(), INTERVAL 5 DAY), 'OPEN', NOW(), NOW()),
  (246, 21, DATE_ADD(CURDATE(), INTERVAL 6 DAY), 'OPEN', NOW(), NOW()),
  (247, 21, DATE_ADD(CURDATE(), INTERVAL 7 DAY), 'OPEN', NOW(), NOW()),
  (248, 21, DATE_ADD(CURDATE(), INTERVAL 8 DAY), 'OPEN', NOW(), NOW()),
  (249, 21, DATE_ADD(CURDATE(), INTERVAL 9 DAY), 'OPEN', NOW(), NOW()),
  (250, 21, DATE_ADD(CURDATE(), INTERVAL 10 DAY), 'OPEN', NOW(), NOW()),
  (251, 21, DATE_ADD(CURDATE(), INTERVAL 11 DAY), 'OPEN', NOW(), NOW()),
  (252, 21, DATE_ADD(CURDATE(), INTERVAL 12 DAY), 'OPEN', NOW(), NOW()),
  (253, 22, DATE_ADD(CURDATE(), INTERVAL 1 DAY), 'OPEN', NOW(), NOW()),
  (254, 22, DATE_ADD(CURDATE(), INTERVAL 2 DAY), 'OPEN', NOW(), NOW()),
  (255, 22, DATE_ADD(CURDATE(), INTERVAL 3 DAY), 'OPEN', NOW(), NOW()),
  (256, 22, DATE_ADD(CURDATE(), INTERVAL 4 DAY), 'OPEN', NOW(), NOW()),
  (257, 22, DATE_ADD(CURDATE(), INTERVAL 5 DAY), 'OPEN', NOW(), NOW()),
  (258, 22, DATE_ADD(CURDATE(), INTERVAL 6 DAY), 'OPEN', NOW(), NOW()),
  (259, 22, DATE_ADD(CURDATE(), INTERVAL 7 DAY), 'OPEN', NOW(), NOW()),
  (260, 22, DATE_ADD(CURDATE(), INTERVAL 8 DAY), 'OPEN', NOW(), NOW()),
  (261, 22, DATE_ADD(CURDATE(), INTERVAL 9 DAY), 'OPEN', NOW(), NOW()),
  (262, 22, DATE_ADD(CURDATE(), INTERVAL 10 DAY), 'OPEN', NOW(), NOW()),
  (263, 22, DATE_ADD(CURDATE(), INTERVAL 11 DAY), 'OPEN', NOW(), NOW()),
  (264, 22, DATE_ADD(CURDATE(), INTERVAL 12 DAY), 'OPEN', NOW(), NOW()),
  (265, 23, DATE_ADD(CURDATE(), INTERVAL 1 DAY), 'OPEN', NOW(), NOW()),
  (266, 23, DATE_ADD(CURDATE(), INTERVAL 2 DAY), 'OPEN', NOW(), NOW()),
  (267, 23, DATE_ADD(CURDATE(), INTERVAL 3 DAY), 'OPEN', NOW(), NOW()),
  (268, 23, DATE_ADD(CURDATE(), INTERVAL 4 DAY), 'OPEN', NOW(), NOW()),
  (269, 23, DATE_ADD(CURDATE(), INTERVAL 5 DAY), 'OPEN', NOW(), NOW()),
  (270, 23, DATE_ADD(CURDATE(), INTERVAL 6 DAY), 'OPEN', NOW(), NOW()),
  (271, 23, DATE_ADD(CURDATE(), INTERVAL 7 DAY), 'OPEN', NOW(), NOW()),
  (272, 23, DATE_ADD(CURDATE(), INTERVAL 8 DAY), 'OPEN', NOW(), NOW()),
  (273, 23, DATE_ADD(CURDATE(), INTERVAL 9 DAY), 'OPEN', NOW(), NOW()),
  (274, 23, DATE_ADD(CURDATE(), INTERVAL 10 DAY), 'OPEN', NOW(), NOW()),
  (275, 23, DATE_ADD(CURDATE(), INTERVAL 11 DAY), 'OPEN', NOW(), NOW()),
  (276, 23, DATE_ADD(CURDATE(), INTERVAL 12 DAY), 'OPEN', NOW(), NOW()),
  (277, 24, DATE_ADD(CURDATE(), INTERVAL 1 DAY), 'OPEN', NOW(), NOW()),
  (278, 24, DATE_ADD(CURDATE(), INTERVAL 2 DAY), 'OPEN', NOW(), NOW()),
  (279, 24, DATE_ADD(CURDATE(), INTERVAL 3 DAY), 'OPEN', NOW(), NOW()),
  (280, 24, DATE_ADD(CURDATE(), INTERVAL 4 DAY), 'OPEN', NOW(), NOW()),
  (281, 24, DATE_ADD(CURDATE(), INTERVAL 5 DAY), 'OPEN', NOW(), NOW()),
  (282, 24, DATE_ADD(CURDATE(), INTERVAL 6 DAY), 'OPEN', NOW(), NOW()),
  (283, 24, DATE_ADD(CURDATE(), INTERVAL 7 DAY), 'OPEN', NOW(), NOW()),
  (284, 24, DATE_ADD(CURDATE(), INTERVAL 8 DAY), 'OPEN', NOW(), NOW()),
  (285, 24, DATE_ADD(CURDATE(), INTERVAL 9 DAY), 'OPEN', NOW(), NOW()),
  (286, 24, DATE_ADD(CURDATE(), INTERVAL 10 DAY), 'OPEN', NOW(), NOW()),
  (287, 24, DATE_ADD(CURDATE(), INTERVAL 11 DAY), 'OPEN', NOW(), NOW()),
  (288, 24, DATE_ADD(CURDATE(), INTERVAL 12 DAY), 'OPEN', NOW(), NOW()),
  (289, 25, DATE_ADD(CURDATE(), INTERVAL 1 DAY), 'OPEN', NOW(), NOW()),
  (290, 25, DATE_ADD(CURDATE(), INTERVAL 2 DAY), 'OPEN', NOW(), NOW()),
  (291, 25, DATE_ADD(CURDATE(), INTERVAL 3 DAY), 'OPEN', NOW(), NOW()),
  (292, 25, DATE_ADD(CURDATE(), INTERVAL 4 DAY), 'OPEN', NOW(), NOW()),
  (293, 25, DATE_ADD(CURDATE(), INTERVAL 5 DAY), 'OPEN', NOW(), NOW()),
  (294, 25, DATE_ADD(CURDATE(), INTERVAL 6 DAY), 'OPEN', NOW(), NOW()),
  (295, 25, DATE_ADD(CURDATE(), INTERVAL 7 DAY), 'OPEN', NOW(), NOW()),
  (296, 25, DATE_ADD(CURDATE(), INTERVAL 8 DAY), 'OPEN', NOW(), NOW()),
  (297, 25, DATE_ADD(CURDATE(), INTERVAL 9 DAY), 'OPEN', NOW(), NOW()),
  (298, 25, DATE_ADD(CURDATE(), INTERVAL 10 DAY), 'OPEN', NOW(), NOW()),
  (299, 25, DATE_ADD(CURDATE(), INTERVAL 11 DAY), 'OPEN', NOW(), NOW()),
  (300, 25, DATE_ADD(CURDATE(), INTERVAL 12 DAY), 'OPEN', NOW(), NOW()),
  (301, 26, DATE_ADD(CURDATE(), INTERVAL 1 DAY), 'OPEN', NOW(), NOW()),
  (302, 26, DATE_ADD(CURDATE(), INTERVAL 2 DAY), 'OPEN', NOW(), NOW()),
  (303, 26, DATE_ADD(CURDATE(), INTERVAL 3 DAY), 'OPEN', NOW(), NOW()),
  (304, 26, DATE_ADD(CURDATE(), INTERVAL 4 DAY), 'OPEN', NOW(), NOW()),
  (305, 26, DATE_ADD(CURDATE(), INTERVAL 5 DAY), 'OPEN', NOW(), NOW()),
  (306, 26, DATE_ADD(CURDATE(), INTERVAL 6 DAY), 'OPEN', NOW(), NOW()),
  (307, 26, DATE_ADD(CURDATE(), INTERVAL 7 DAY), 'OPEN', NOW(), NOW()),
  (308, 26, DATE_ADD(CURDATE(), INTERVAL 8 DAY), 'OPEN', NOW(), NOW()),
  (309, 26, DATE_ADD(CURDATE(), INTERVAL 9 DAY), 'OPEN', NOW(), NOW()),
  (310, 26, DATE_ADD(CURDATE(), INTERVAL 10 DAY), 'OPEN', NOW(), NOW()),
  (311, 26, DATE_ADD(CURDATE(), INTERVAL 11 DAY), 'OPEN', NOW(), NOW()),
  (312, 26, DATE_ADD(CURDATE(), INTERVAL 12 DAY), 'OPEN', NOW(), NOW()),
  (313, 27, DATE_ADD(CURDATE(), INTERVAL 1 DAY), 'OPEN', NOW(), NOW()),
  (314, 27, DATE_ADD(CURDATE(), INTERVAL 2 DAY), 'OPEN', NOW(), NOW()),
  (315, 27, DATE_ADD(CURDATE(), INTERVAL 3 DAY), 'OPEN', NOW(), NOW()),
  (316, 27, DATE_ADD(CURDATE(), INTERVAL 4 DAY), 'OPEN', NOW(), NOW()),
  (317, 27, DATE_ADD(CURDATE(), INTERVAL 5 DAY), 'OPEN', NOW(), NOW()),
  (318, 27, DATE_ADD(CURDATE(), INTERVAL 6 DAY), 'OPEN', NOW(), NOW()),
  (319, 27, DATE_ADD(CURDATE(), INTERVAL 7 DAY), 'OPEN', NOW(), NOW()),
  (320, 27, DATE_ADD(CURDATE(), INTERVAL 8 DAY), 'OPEN', NOW(), NOW()),
  (321, 27, DATE_ADD(CURDATE(), INTERVAL 9 DAY), 'OPEN', NOW(), NOW()),
  (322, 27, DATE_ADD(CURDATE(), INTERVAL 10 DAY), 'OPEN', NOW(), NOW()),
  (323, 27, DATE_ADD(CURDATE(), INTERVAL 11 DAY), 'OPEN', NOW(), NOW()),
  (324, 27, DATE_ADD(CURDATE(), INTERVAL 12 DAY), 'OPEN', NOW(), NOW()),
  (325, 28, DATE_ADD(CURDATE(), INTERVAL 1 DAY), 'OPEN', NOW(), NOW()),
  (326, 28, DATE_ADD(CURDATE(), INTERVAL 2 DAY), 'OPEN', NOW(), NOW()),
  (327, 28, DATE_ADD(CURDATE(), INTERVAL 3 DAY), 'OPEN', NOW(), NOW()),
  (328, 28, DATE_ADD(CURDATE(), INTERVAL 4 DAY), 'OPEN', NOW(), NOW()),
  (329, 28, DATE_ADD(CURDATE(), INTERVAL 5 DAY), 'OPEN', NOW(), NOW()),
  (330, 28, DATE_ADD(CURDATE(), INTERVAL 6 DAY), 'OPEN', NOW(), NOW()),
  (331, 28, DATE_ADD(CURDATE(), INTERVAL 7 DAY), 'OPEN', NOW(), NOW()),
  (332, 28, DATE_ADD(CURDATE(), INTERVAL 8 DAY), 'OPEN', NOW(), NOW()),
  (333, 28, DATE_ADD(CURDATE(), INTERVAL 9 DAY), 'OPEN', NOW(), NOW()),
  (334, 28, DATE_ADD(CURDATE(), INTERVAL 10 DAY), 'OPEN', NOW(), NOW()),
  (335, 28, DATE_ADD(CURDATE(), INTERVAL 11 DAY), 'OPEN', NOW(), NOW()),
  (336, 28, DATE_ADD(CURDATE(), INTERVAL 12 DAY), 'OPEN', NOW(), NOW()),
  (337, 29, DATE_ADD(CURDATE(), INTERVAL 1 DAY), 'OPEN', NOW(), NOW()),
  (338, 29, DATE_ADD(CURDATE(), INTERVAL 2 DAY), 'OPEN', NOW(), NOW()),
  (339, 29, DATE_ADD(CURDATE(), INTERVAL 3 DAY), 'OPEN', NOW(), NOW()),
  (340, 29, DATE_ADD(CURDATE(), INTERVAL 4 DAY), 'OPEN', NOW(), NOW()),
  (341, 29, DATE_ADD(CURDATE(), INTERVAL 5 DAY), 'OPEN', NOW(), NOW()),
  (342, 29, DATE_ADD(CURDATE(), INTERVAL 6 DAY), 'OPEN', NOW(), NOW()),
  (343, 29, DATE_ADD(CURDATE(), INTERVAL 7 DAY), 'OPEN', NOW(), NOW()),
  (344, 29, DATE_ADD(CURDATE(), INTERVAL 8 DAY), 'OPEN', NOW(), NOW()),
  (345, 29, DATE_ADD(CURDATE(), INTERVAL 9 DAY), 'OPEN', NOW(), NOW()),
  (346, 29, DATE_ADD(CURDATE(), INTERVAL 10 DAY), 'OPEN', NOW(), NOW()),
  (347, 29, DATE_ADD(CURDATE(), INTERVAL 11 DAY), 'OPEN', NOW(), NOW()),
  (348, 29, DATE_ADD(CURDATE(), INTERVAL 12 DAY), 'OPEN', NOW(), NOW()),
  (349, 30, DATE_ADD(CURDATE(), INTERVAL 1 DAY), 'OPEN', NOW(), NOW()),
  (350, 30, DATE_ADD(CURDATE(), INTERVAL 2 DAY), 'OPEN', NOW(), NOW()),
  (351, 30, DATE_ADD(CURDATE(), INTERVAL 3 DAY), 'OPEN', NOW(), NOW()),
  (352, 30, DATE_ADD(CURDATE(), INTERVAL 4 DAY), 'OPEN', NOW(), NOW()),
  (353, 30, DATE_ADD(CURDATE(), INTERVAL 5 DAY), 'OPEN', NOW(), NOW()),
  (354, 30, DATE_ADD(CURDATE(), INTERVAL 6 DAY), 'OPEN', NOW(), NOW()),
  (355, 30, DATE_ADD(CURDATE(), INTERVAL 7 DAY), 'OPEN', NOW(), NOW()),
  (356, 30, DATE_ADD(CURDATE(), INTERVAL 8 DAY), 'OPEN', NOW(), NOW()),
  (357, 30, DATE_ADD(CURDATE(), INTERVAL 9 DAY), 'OPEN', NOW(), NOW()),
  (358, 30, DATE_ADD(CURDATE(), INTERVAL 10 DAY), 'OPEN', NOW(), NOW()),
  (359, 30, DATE_ADD(CURDATE(), INTERVAL 11 DAY), 'OPEN', NOW(), NOW()),
  (360, 30, DATE_ADD(CURDATE(), INTERVAL 12 DAY), 'OPEN', NOW(), NOW()),
  (361, 31, DATE_ADD(CURDATE(), INTERVAL 1 DAY), 'OPEN', NOW(), NOW()),
  (362, 31, DATE_ADD(CURDATE(), INTERVAL 2 DAY), 'OPEN', NOW(), NOW()),
  (363, 31, DATE_ADD(CURDATE(), INTERVAL 3 DAY), 'OPEN', NOW(), NOW()),
  (364, 31, DATE_ADD(CURDATE(), INTERVAL 4 DAY), 'OPEN', NOW(), NOW()),
  (365, 31, DATE_ADD(CURDATE(), INTERVAL 5 DAY), 'OPEN', NOW(), NOW()),
  (366, 31, DATE_ADD(CURDATE(), INTERVAL 6 DAY), 'OPEN', NOW(), NOW()),
  (367, 31, DATE_ADD(CURDATE(), INTERVAL 7 DAY), 'OPEN', NOW(), NOW()),
  (368, 31, DATE_ADD(CURDATE(), INTERVAL 8 DAY), 'OPEN', NOW(), NOW()),
  (369, 31, DATE_ADD(CURDATE(), INTERVAL 9 DAY), 'OPEN', NOW(), NOW()),
  (370, 31, DATE_ADD(CURDATE(), INTERVAL 10 DAY), 'OPEN', NOW(), NOW()),
  (371, 31, DATE_ADD(CURDATE(), INTERVAL 11 DAY), 'OPEN', NOW(), NOW()),
  (372, 31, DATE_ADD(CURDATE(), INTERVAL 12 DAY), 'OPEN', NOW(), NOW()),
  (373, 32, DATE_ADD(CURDATE(), INTERVAL 1 DAY), 'OPEN', NOW(), NOW()),
  (374, 32, DATE_ADD(CURDATE(), INTERVAL 2 DAY), 'OPEN', NOW(), NOW()),
  (375, 32, DATE_ADD(CURDATE(), INTERVAL 3 DAY), 'OPEN', NOW(), NOW()),
  (376, 32, DATE_ADD(CURDATE(), INTERVAL 4 DAY), 'OPEN', NOW(), NOW()),
  (377, 32, DATE_ADD(CURDATE(), INTERVAL 5 DAY), 'OPEN', NOW(), NOW()),
  (378, 32, DATE_ADD(CURDATE(), INTERVAL 6 DAY), 'OPEN', NOW(), NOW()),
  (379, 32, DATE_ADD(CURDATE(), INTERVAL 7 DAY), 'OPEN', NOW(), NOW()),
  (380, 32, DATE_ADD(CURDATE(), INTERVAL 8 DAY), 'OPEN', NOW(), NOW()),
  (381, 32, DATE_ADD(CURDATE(), INTERVAL 9 DAY), 'OPEN', NOW(), NOW()),
  (382, 32, DATE_ADD(CURDATE(), INTERVAL 10 DAY), 'OPEN', NOW(), NOW()),
  (383, 32, DATE_ADD(CURDATE(), INTERVAL 11 DAY), 'OPEN', NOW(), NOW()),
  (384, 32, DATE_ADD(CURDATE(), INTERVAL 12 DAY), 'OPEN', NOW(), NOW()),
  (385, 33, DATE_ADD(CURDATE(), INTERVAL 1 DAY), 'OPEN', NOW(), NOW()),
  (386, 33, DATE_ADD(CURDATE(), INTERVAL 2 DAY), 'OPEN', NOW(), NOW()),
  (387, 33, DATE_ADD(CURDATE(), INTERVAL 3 DAY), 'OPEN', NOW(), NOW()),
  (388, 33, DATE_ADD(CURDATE(), INTERVAL 4 DAY), 'OPEN', NOW(), NOW()),
  (389, 33, DATE_ADD(CURDATE(), INTERVAL 5 DAY), 'OPEN', NOW(), NOW()),
  (390, 33, DATE_ADD(CURDATE(), INTERVAL 6 DAY), 'OPEN', NOW(), NOW()),
  (391, 33, DATE_ADD(CURDATE(), INTERVAL 7 DAY), 'OPEN', NOW(), NOW()),
  (392, 33, DATE_ADD(CURDATE(), INTERVAL 8 DAY), 'OPEN', NOW(), NOW()),
  (393, 33, DATE_ADD(CURDATE(), INTERVAL 9 DAY), 'OPEN', NOW(), NOW()),
  (394, 33, DATE_ADD(CURDATE(), INTERVAL 10 DAY), 'OPEN', NOW(), NOW()),
  (395, 33, DATE_ADD(CURDATE(), INTERVAL 11 DAY), 'OPEN', NOW(), NOW()),
  (396, 33, DATE_ADD(CURDATE(), INTERVAL 12 DAY), 'OPEN', NOW(), NOW()),
  (397, 34, DATE_ADD(CURDATE(), INTERVAL 1 DAY), 'OPEN', NOW(), NOW()),
  (398, 34, DATE_ADD(CURDATE(), INTERVAL 2 DAY), 'OPEN', NOW(), NOW()),
  (399, 34, DATE_ADD(CURDATE(), INTERVAL 3 DAY), 'OPEN', NOW(), NOW()),
  (400, 34, DATE_ADD(CURDATE(), INTERVAL 4 DAY), 'OPEN', NOW(), NOW()),
  (401, 34, DATE_ADD(CURDATE(), INTERVAL 5 DAY), 'OPEN', NOW(), NOW()),
  (402, 34, DATE_ADD(CURDATE(), INTERVAL 6 DAY), 'OPEN', NOW(), NOW()),
  (403, 34, DATE_ADD(CURDATE(), INTERVAL 7 DAY), 'OPEN', NOW(), NOW()),
  (404, 34, DATE_ADD(CURDATE(), INTERVAL 8 DAY), 'OPEN', NOW(), NOW()),
  (405, 34, DATE_ADD(CURDATE(), INTERVAL 9 DAY), 'OPEN', NOW(), NOW()),
  (406, 34, DATE_ADD(CURDATE(), INTERVAL 10 DAY), 'OPEN', NOW(), NOW()),
  (407, 34, DATE_ADD(CURDATE(), INTERVAL 11 DAY), 'OPEN', NOW(), NOW()),
  (408, 34, DATE_ADD(CURDATE(), INTERVAL 12 DAY), 'OPEN', NOW(), NOW()),
  (409, 35, DATE_ADD(CURDATE(), INTERVAL 1 DAY), 'OPEN', NOW(), NOW()),
  (410, 35, DATE_ADD(CURDATE(), INTERVAL 2 DAY), 'OPEN', NOW(), NOW()),
  (411, 35, DATE_ADD(CURDATE(), INTERVAL 3 DAY), 'OPEN', NOW(), NOW()),
  (412, 35, DATE_ADD(CURDATE(), INTERVAL 4 DAY), 'OPEN', NOW(), NOW()),
  (413, 35, DATE_ADD(CURDATE(), INTERVAL 5 DAY), 'OPEN', NOW(), NOW()),
  (414, 35, DATE_ADD(CURDATE(), INTERVAL 6 DAY), 'OPEN', NOW(), NOW()),
  (415, 35, DATE_ADD(CURDATE(), INTERVAL 7 DAY), 'OPEN', NOW(), NOW()),
  (416, 35, DATE_ADD(CURDATE(), INTERVAL 8 DAY), 'OPEN', NOW(), NOW()),
  (417, 35, DATE_ADD(CURDATE(), INTERVAL 9 DAY), 'OPEN', NOW(), NOW()),
  (418, 35, DATE_ADD(CURDATE(), INTERVAL 10 DAY), 'OPEN', NOW(), NOW()),
  (419, 35, DATE_ADD(CURDATE(), INTERVAL 11 DAY), 'OPEN', NOW(), NOW()),
  (420, 35, DATE_ADD(CURDATE(), INTERVAL 12 DAY), 'OPEN', NOW(), NOW()),
  (421, 36, DATE_ADD(CURDATE(), INTERVAL 1 DAY), 'OPEN', NOW(), NOW()),
  (422, 36, DATE_ADD(CURDATE(), INTERVAL 2 DAY), 'OPEN', NOW(), NOW()),
  (423, 36, DATE_ADD(CURDATE(), INTERVAL 3 DAY), 'OPEN', NOW(), NOW()),
  (424, 36, DATE_ADD(CURDATE(), INTERVAL 4 DAY), 'OPEN', NOW(), NOW()),
  (425, 36, DATE_ADD(CURDATE(), INTERVAL 5 DAY), 'OPEN', NOW(), NOW()),
  (426, 36, DATE_ADD(CURDATE(), INTERVAL 6 DAY), 'OPEN', NOW(), NOW()),
  (427, 36, DATE_ADD(CURDATE(), INTERVAL 7 DAY), 'OPEN', NOW(), NOW()),
  (428, 36, DATE_ADD(CURDATE(), INTERVAL 8 DAY), 'OPEN', NOW(), NOW()),
  (429, 36, DATE_ADD(CURDATE(), INTERVAL 9 DAY), 'OPEN', NOW(), NOW()),
  (430, 36, DATE_ADD(CURDATE(), INTERVAL 10 DAY), 'OPEN', NOW(), NOW()),
  (431, 36, DATE_ADD(CURDATE(), INTERVAL 11 DAY), 'OPEN', NOW(), NOW()),
  (432, 36, DATE_ADD(CURDATE(), INTERVAL 12 DAY), 'OPEN', NOW(), NOW()),
  (433, 37, DATE_ADD(CURDATE(), INTERVAL 1 DAY), 'OPEN', NOW(), NOW()),
  (434, 37, DATE_ADD(CURDATE(), INTERVAL 2 DAY), 'OPEN', NOW(), NOW()),
  (435, 37, DATE_ADD(CURDATE(), INTERVAL 3 DAY), 'OPEN', NOW(), NOW()),
  (436, 37, DATE_ADD(CURDATE(), INTERVAL 4 DAY), 'OPEN', NOW(), NOW()),
  (437, 37, DATE_ADD(CURDATE(), INTERVAL 5 DAY), 'OPEN', NOW(), NOW()),
  (438, 37, DATE_ADD(CURDATE(), INTERVAL 6 DAY), 'OPEN', NOW(), NOW()),
  (439, 37, DATE_ADD(CURDATE(), INTERVAL 7 DAY), 'OPEN', NOW(), NOW()),
  (440, 37, DATE_ADD(CURDATE(), INTERVAL 8 DAY), 'OPEN', NOW(), NOW()),
  (441, 37, DATE_ADD(CURDATE(), INTERVAL 9 DAY), 'OPEN', NOW(), NOW()),
  (442, 37, DATE_ADD(CURDATE(), INTERVAL 10 DAY), 'OPEN', NOW(), NOW()),
  (443, 37, DATE_ADD(CURDATE(), INTERVAL 11 DAY), 'OPEN', NOW(), NOW()),
  (444, 37, DATE_ADD(CURDATE(), INTERVAL 12 DAY), 'OPEN', NOW(), NOW()),
  (445, 38, DATE_ADD(CURDATE(), INTERVAL 1 DAY), 'OPEN', NOW(), NOW()),
  (446, 38, DATE_ADD(CURDATE(), INTERVAL 2 DAY), 'OPEN', NOW(), NOW()),
  (447, 38, DATE_ADD(CURDATE(), INTERVAL 3 DAY), 'OPEN', NOW(), NOW()),
  (448, 38, DATE_ADD(CURDATE(), INTERVAL 4 DAY), 'OPEN', NOW(), NOW()),
  (449, 38, DATE_ADD(CURDATE(), INTERVAL 5 DAY), 'OPEN', NOW(), NOW()),
  (450, 38, DATE_ADD(CURDATE(), INTERVAL 6 DAY), 'OPEN', NOW(), NOW()),
  (451, 38, DATE_ADD(CURDATE(), INTERVAL 7 DAY), 'OPEN', NOW(), NOW()),
  (452, 38, DATE_ADD(CURDATE(), INTERVAL 8 DAY), 'OPEN', NOW(), NOW()),
  (453, 38, DATE_ADD(CURDATE(), INTERVAL 9 DAY), 'OPEN', NOW(), NOW()),
  (454, 38, DATE_ADD(CURDATE(), INTERVAL 10 DAY), 'OPEN', NOW(), NOW()),
  (455, 38, DATE_ADD(CURDATE(), INTERVAL 11 DAY), 'OPEN', NOW(), NOW()),
  (456, 38, DATE_ADD(CURDATE(), INTERVAL 12 DAY), 'OPEN', NOW(), NOW()),
  (457, 39, DATE_ADD(CURDATE(), INTERVAL 1 DAY), 'OPEN', NOW(), NOW()),
  (458, 39, DATE_ADD(CURDATE(), INTERVAL 2 DAY), 'OPEN', NOW(), NOW()),
  (459, 39, DATE_ADD(CURDATE(), INTERVAL 3 DAY), 'OPEN', NOW(), NOW()),
  (460, 39, DATE_ADD(CURDATE(), INTERVAL 4 DAY), 'OPEN', NOW(), NOW()),
  (461, 39, DATE_ADD(CURDATE(), INTERVAL 5 DAY), 'OPEN', NOW(), NOW()),
  (462, 39, DATE_ADD(CURDATE(), INTERVAL 6 DAY), 'OPEN', NOW(), NOW()),
  (463, 39, DATE_ADD(CURDATE(), INTERVAL 7 DAY), 'OPEN', NOW(), NOW()),
  (464, 39, DATE_ADD(CURDATE(), INTERVAL 8 DAY), 'OPEN', NOW(), NOW()),
  (465, 39, DATE_ADD(CURDATE(), INTERVAL 9 DAY), 'OPEN', NOW(), NOW()),
  (466, 39, DATE_ADD(CURDATE(), INTERVAL 10 DAY), 'OPEN', NOW(), NOW()),
  (467, 39, DATE_ADD(CURDATE(), INTERVAL 11 DAY), 'OPEN', NOW(), NOW()),
  (468, 39, DATE_ADD(CURDATE(), INTERVAL 12 DAY), 'OPEN', NOW(), NOW()),
  (469, 40, DATE_ADD(CURDATE(), INTERVAL 1 DAY), 'OPEN', NOW(), NOW()),
  (470, 40, DATE_ADD(CURDATE(), INTERVAL 2 DAY), 'OPEN', NOW(), NOW()),
  (471, 40, DATE_ADD(CURDATE(), INTERVAL 3 DAY), 'OPEN', NOW(), NOW()),
  (472, 40, DATE_ADD(CURDATE(), INTERVAL 4 DAY), 'OPEN', NOW(), NOW()),
  (473, 40, DATE_ADD(CURDATE(), INTERVAL 5 DAY), 'OPEN', NOW(), NOW()),
  (474, 40, DATE_ADD(CURDATE(), INTERVAL 6 DAY), 'OPEN', NOW(), NOW()),
  (475, 40, DATE_ADD(CURDATE(), INTERVAL 7 DAY), 'OPEN', NOW(), NOW()),
  (476, 40, DATE_ADD(CURDATE(), INTERVAL 8 DAY), 'OPEN', NOW(), NOW()),
  (477, 40, DATE_ADD(CURDATE(), INTERVAL 9 DAY), 'OPEN', NOW(), NOW()),
  (478, 40, DATE_ADD(CURDATE(), INTERVAL 10 DAY), 'OPEN', NOW(), NOW()),
  (479, 40, DATE_ADD(CURDATE(), INTERVAL 11 DAY), 'OPEN', NOW(), NOW()),
  (480, 40, DATE_ADD(CURDATE(), INTERVAL 12 DAY), 'OPEN', NOW(), NOW()),
  (481, 41, DATE_ADD(CURDATE(), INTERVAL 1 DAY), 'OPEN', NOW(), NOW()),
  (482, 41, DATE_ADD(CURDATE(), INTERVAL 2 DAY), 'OPEN', NOW(), NOW()),
  (483, 41, DATE_ADD(CURDATE(), INTERVAL 3 DAY), 'OPEN', NOW(), NOW()),
  (484, 41, DATE_ADD(CURDATE(), INTERVAL 4 DAY), 'OPEN', NOW(), NOW()),
  (485, 41, DATE_ADD(CURDATE(), INTERVAL 5 DAY), 'OPEN', NOW(), NOW()),
  (486, 41, DATE_ADD(CURDATE(), INTERVAL 6 DAY), 'OPEN', NOW(), NOW()),
  (487, 41, DATE_ADD(CURDATE(), INTERVAL 7 DAY), 'OPEN', NOW(), NOW()),
  (488, 41, DATE_ADD(CURDATE(), INTERVAL 8 DAY), 'OPEN', NOW(), NOW()),
  (489, 41, DATE_ADD(CURDATE(), INTERVAL 9 DAY), 'OPEN', NOW(), NOW()),
  (490, 41, DATE_ADD(CURDATE(), INTERVAL 10 DAY), 'OPEN', NOW(), NOW()),
  (491, 41, DATE_ADD(CURDATE(), INTERVAL 11 DAY), 'OPEN', NOW(), NOW()),
  (492, 41, DATE_ADD(CURDATE(), INTERVAL 12 DAY), 'OPEN', NOW(), NOW()),
  (493, 42, DATE_ADD(CURDATE(), INTERVAL 1 DAY), 'OPEN', NOW(), NOW()),
  (494, 42, DATE_ADD(CURDATE(), INTERVAL 2 DAY), 'OPEN', NOW(), NOW()),
  (495, 42, DATE_ADD(CURDATE(), INTERVAL 3 DAY), 'OPEN', NOW(), NOW()),
  (496, 42, DATE_ADD(CURDATE(), INTERVAL 4 DAY), 'OPEN', NOW(), NOW()),
  (497, 42, DATE_ADD(CURDATE(), INTERVAL 5 DAY), 'OPEN', NOW(), NOW()),
  (498, 42, DATE_ADD(CURDATE(), INTERVAL 6 DAY), 'OPEN', NOW(), NOW()),
  (499, 42, DATE_ADD(CURDATE(), INTERVAL 7 DAY), 'OPEN', NOW(), NOW()),
  (500, 42, DATE_ADD(CURDATE(), INTERVAL 8 DAY), 'OPEN', NOW(), NOW()),
  (501, 42, DATE_ADD(CURDATE(), INTERVAL 9 DAY), 'OPEN', NOW(), NOW()),
  (502, 42, DATE_ADD(CURDATE(), INTERVAL 10 DAY), 'OPEN', NOW(), NOW()),
  (503, 42, DATE_ADD(CURDATE(), INTERVAL 11 DAY), 'OPEN', NOW(), NOW()),
  (504, 42, DATE_ADD(CURDATE(), INTERVAL 12 DAY), 'OPEN', NOW(), NOW()),
  (505, 43, DATE_ADD(CURDATE(), INTERVAL 1 DAY), 'OPEN', NOW(), NOW()),
  (506, 43, DATE_ADD(CURDATE(), INTERVAL 2 DAY), 'OPEN', NOW(), NOW()),
  (507, 43, DATE_ADD(CURDATE(), INTERVAL 3 DAY), 'OPEN', NOW(), NOW()),
  (508, 43, DATE_ADD(CURDATE(), INTERVAL 4 DAY), 'OPEN', NOW(), NOW()),
  (509, 43, DATE_ADD(CURDATE(), INTERVAL 5 DAY), 'OPEN', NOW(), NOW()),
  (510, 43, DATE_ADD(CURDATE(), INTERVAL 6 DAY), 'OPEN', NOW(), NOW()),
  (511, 43, DATE_ADD(CURDATE(), INTERVAL 7 DAY), 'OPEN', NOW(), NOW()),
  (512, 43, DATE_ADD(CURDATE(), INTERVAL 8 DAY), 'OPEN', NOW(), NOW()),
  (513, 43, DATE_ADD(CURDATE(), INTERVAL 9 DAY), 'OPEN', NOW(), NOW()),
  (514, 43, DATE_ADD(CURDATE(), INTERVAL 10 DAY), 'OPEN', NOW(), NOW()),
  (515, 43, DATE_ADD(CURDATE(), INTERVAL 11 DAY), 'OPEN', NOW(), NOW()),
  (516, 43, DATE_ADD(CURDATE(), INTERVAL 12 DAY), 'OPEN', NOW(), NOW()),
  (517, 44, DATE_ADD(CURDATE(), INTERVAL 1 DAY), 'OPEN', NOW(), NOW()),
  (518, 44, DATE_ADD(CURDATE(), INTERVAL 2 DAY), 'OPEN', NOW(), NOW()),
  (519, 44, DATE_ADD(CURDATE(), INTERVAL 3 DAY), 'OPEN', NOW(), NOW()),
  (520, 44, DATE_ADD(CURDATE(), INTERVAL 4 DAY), 'OPEN', NOW(), NOW()),
  (521, 44, DATE_ADD(CURDATE(), INTERVAL 5 DAY), 'OPEN', NOW(), NOW()),
  (522, 44, DATE_ADD(CURDATE(), INTERVAL 6 DAY), 'OPEN', NOW(), NOW()),
  (523, 44, DATE_ADD(CURDATE(), INTERVAL 7 DAY), 'OPEN', NOW(), NOW()),
  (524, 44, DATE_ADD(CURDATE(), INTERVAL 8 DAY), 'OPEN', NOW(), NOW()),
  (525, 44, DATE_ADD(CURDATE(), INTERVAL 9 DAY), 'OPEN', NOW(), NOW()),
  (526, 44, DATE_ADD(CURDATE(), INTERVAL 10 DAY), 'OPEN', NOW(), NOW()),
  (527, 44, DATE_ADD(CURDATE(), INTERVAL 11 DAY), 'OPEN', NOW(), NOW()),
  (528, 44, DATE_ADD(CURDATE(), INTERVAL 12 DAY), 'OPEN', NOW(), NOW()),
  (529, 45, DATE_ADD(CURDATE(), INTERVAL 1 DAY), 'OPEN', NOW(), NOW()),
  (530, 45, DATE_ADD(CURDATE(), INTERVAL 2 DAY), 'OPEN', NOW(), NOW()),
  (531, 45, DATE_ADD(CURDATE(), INTERVAL 3 DAY), 'OPEN', NOW(), NOW()),
  (532, 45, DATE_ADD(CURDATE(), INTERVAL 4 DAY), 'OPEN', NOW(), NOW()),
  (533, 45, DATE_ADD(CURDATE(), INTERVAL 5 DAY), 'OPEN', NOW(), NOW()),
  (534, 45, DATE_ADD(CURDATE(), INTERVAL 6 DAY), 'OPEN', NOW(), NOW()),
  (535, 45, DATE_ADD(CURDATE(), INTERVAL 7 DAY), 'OPEN', NOW(), NOW()),
  (536, 45, DATE_ADD(CURDATE(), INTERVAL 8 DAY), 'OPEN', NOW(), NOW()),
  (537, 45, DATE_ADD(CURDATE(), INTERVAL 9 DAY), 'OPEN', NOW(), NOW()),
  (538, 45, DATE_ADD(CURDATE(), INTERVAL 10 DAY), 'OPEN', NOW(), NOW()),
  (539, 45, DATE_ADD(CURDATE(), INTERVAL 11 DAY), 'OPEN', NOW(), NOW()),
  (540, 45, DATE_ADD(CURDATE(), INTERVAL 12 DAY), 'OPEN', NOW(), NOW()),
  (541, 46, DATE_ADD(CURDATE(), INTERVAL 1 DAY), 'OPEN', NOW(), NOW()),
  (542, 46, DATE_ADD(CURDATE(), INTERVAL 2 DAY), 'OPEN', NOW(), NOW()),
  (543, 46, DATE_ADD(CURDATE(), INTERVAL 3 DAY), 'OPEN', NOW(), NOW()),
  (544, 46, DATE_ADD(CURDATE(), INTERVAL 4 DAY), 'OPEN', NOW(), NOW()),
  (545, 46, DATE_ADD(CURDATE(), INTERVAL 5 DAY), 'OPEN', NOW(), NOW()),
  (546, 46, DATE_ADD(CURDATE(), INTERVAL 6 DAY), 'OPEN', NOW(), NOW()),
  (547, 46, DATE_ADD(CURDATE(), INTERVAL 7 DAY), 'OPEN', NOW(), NOW()),
  (548, 46, DATE_ADD(CURDATE(), INTERVAL 8 DAY), 'OPEN', NOW(), NOW()),
  (549, 46, DATE_ADD(CURDATE(), INTERVAL 9 DAY), 'OPEN', NOW(), NOW()),
  (550, 46, DATE_ADD(CURDATE(), INTERVAL 10 DAY), 'OPEN', NOW(), NOW()),
  (551, 46, DATE_ADD(CURDATE(), INTERVAL 11 DAY), 'OPEN', NOW(), NOW()),
  (552, 46, DATE_ADD(CURDATE(), INTERVAL 12 DAY), 'OPEN', NOW(), NOW()),
  (553, 47, DATE_ADD(CURDATE(), INTERVAL 1 DAY), 'OPEN', NOW(), NOW()),
  (554, 47, DATE_ADD(CURDATE(), INTERVAL 2 DAY), 'OPEN', NOW(), NOW()),
  (555, 47, DATE_ADD(CURDATE(), INTERVAL 3 DAY), 'OPEN', NOW(), NOW()),
  (556, 47, DATE_ADD(CURDATE(), INTERVAL 4 DAY), 'OPEN', NOW(), NOW()),
  (557, 47, DATE_ADD(CURDATE(), INTERVAL 5 DAY), 'OPEN', NOW(), NOW()),
  (558, 47, DATE_ADD(CURDATE(), INTERVAL 6 DAY), 'OPEN', NOW(), NOW()),
  (559, 47, DATE_ADD(CURDATE(), INTERVAL 7 DAY), 'OPEN', NOW(), NOW()),
  (560, 47, DATE_ADD(CURDATE(), INTERVAL 8 DAY), 'OPEN', NOW(), NOW()),
  (561, 47, DATE_ADD(CURDATE(), INTERVAL 9 DAY), 'OPEN', NOW(), NOW()),
  (562, 47, DATE_ADD(CURDATE(), INTERVAL 10 DAY), 'OPEN', NOW(), NOW()),
  (563, 47, DATE_ADD(CURDATE(), INTERVAL 11 DAY), 'OPEN', NOW(), NOW()),
  (564, 47, DATE_ADD(CURDATE(), INTERVAL 12 DAY), 'OPEN', NOW(), NOW()),
  (565, 48, DATE_ADD(CURDATE(), INTERVAL 1 DAY), 'OPEN', NOW(), NOW()),
  (566, 48, DATE_ADD(CURDATE(), INTERVAL 2 DAY), 'OPEN', NOW(), NOW()),
  (567, 48, DATE_ADD(CURDATE(), INTERVAL 3 DAY), 'OPEN', NOW(), NOW()),
  (568, 48, DATE_ADD(CURDATE(), INTERVAL 4 DAY), 'OPEN', NOW(), NOW()),
  (569, 48, DATE_ADD(CURDATE(), INTERVAL 5 DAY), 'OPEN', NOW(), NOW()),
  (570, 48, DATE_ADD(CURDATE(), INTERVAL 6 DAY), 'OPEN', NOW(), NOW()),
  (571, 48, DATE_ADD(CURDATE(), INTERVAL 7 DAY), 'OPEN', NOW(), NOW()),
  (572, 48, DATE_ADD(CURDATE(), INTERVAL 8 DAY), 'OPEN', NOW(), NOW()),
  (573, 48, DATE_ADD(CURDATE(), INTERVAL 9 DAY), 'OPEN', NOW(), NOW()),
  (574, 48, DATE_ADD(CURDATE(), INTERVAL 10 DAY), 'OPEN', NOW(), NOW()),
  (575, 48, DATE_ADD(CURDATE(), INTERVAL 11 DAY), 'OPEN', NOW(), NOW()),
  (576, 48, DATE_ADD(CURDATE(), INTERVAL 12 DAY), 'OPEN', NOW(), NOW()),
  (577, 49, DATE_ADD(CURDATE(), INTERVAL 1 DAY), 'OPEN', NOW(), NOW()),
  (578, 49, DATE_ADD(CURDATE(), INTERVAL 2 DAY), 'OPEN', NOW(), NOW()),
  (579, 49, DATE_ADD(CURDATE(), INTERVAL 3 DAY), 'OPEN', NOW(), NOW()),
  (580, 49, DATE_ADD(CURDATE(), INTERVAL 4 DAY), 'OPEN', NOW(), NOW()),
  (581, 49, DATE_ADD(CURDATE(), INTERVAL 5 DAY), 'OPEN', NOW(), NOW()),
  (582, 49, DATE_ADD(CURDATE(), INTERVAL 6 DAY), 'OPEN', NOW(), NOW()),
  (583, 49, DATE_ADD(CURDATE(), INTERVAL 7 DAY), 'OPEN', NOW(), NOW()),
  (584, 49, DATE_ADD(CURDATE(), INTERVAL 8 DAY), 'OPEN', NOW(), NOW()),
  (585, 49, DATE_ADD(CURDATE(), INTERVAL 9 DAY), 'OPEN', NOW(), NOW()),
  (586, 49, DATE_ADD(CURDATE(), INTERVAL 10 DAY), 'OPEN', NOW(), NOW()),
  (587, 49, DATE_ADD(CURDATE(), INTERVAL 11 DAY), 'OPEN', NOW(), NOW()),
  (588, 49, DATE_ADD(CURDATE(), INTERVAL 12 DAY), 'OPEN', NOW(), NOW()),
  (589, 50, DATE_ADD(CURDATE(), INTERVAL 1 DAY), 'OPEN', NOW(), NOW()),
  (590, 50, DATE_ADD(CURDATE(), INTERVAL 2 DAY), 'OPEN', NOW(), NOW()),
  (591, 50, DATE_ADD(CURDATE(), INTERVAL 3 DAY), 'OPEN', NOW(), NOW()),
  (592, 50, DATE_ADD(CURDATE(), INTERVAL 4 DAY), 'OPEN', NOW(), NOW()),
  (593, 50, DATE_ADD(CURDATE(), INTERVAL 5 DAY), 'OPEN', NOW(), NOW()),
  (594, 50, DATE_ADD(CURDATE(), INTERVAL 6 DAY), 'OPEN', NOW(), NOW()),
  (595, 50, DATE_ADD(CURDATE(), INTERVAL 7 DAY), 'OPEN', NOW(), NOW()),
  (596, 50, DATE_ADD(CURDATE(), INTERVAL 8 DAY), 'OPEN', NOW(), NOW()),
  (597, 50, DATE_ADD(CURDATE(), INTERVAL 9 DAY), 'OPEN', NOW(), NOW()),
  (598, 50, DATE_ADD(CURDATE(), INTERVAL 10 DAY), 'OPEN', NOW(), NOW()),
  (599, 50, DATE_ADD(CURDATE(), INTERVAL 11 DAY), 'OPEN', NOW(), NOW()),
  (600, 50, DATE_ADD(CURDATE(), INTERVAL 12 DAY), 'OPEN', NOW(), NOW()),
  (601, 51, DATE_ADD(CURDATE(), INTERVAL 1 DAY), 'OPEN', NOW(), NOW()),
  (602, 51, DATE_ADD(CURDATE(), INTERVAL 2 DAY), 'OPEN', NOW(), NOW()),
  (603, 51, DATE_ADD(CURDATE(), INTERVAL 3 DAY), 'OPEN', NOW(), NOW()),
  (604, 51, DATE_ADD(CURDATE(), INTERVAL 4 DAY), 'OPEN', NOW(), NOW()),
  (605, 51, DATE_ADD(CURDATE(), INTERVAL 5 DAY), 'OPEN', NOW(), NOW()),
  (606, 51, DATE_ADD(CURDATE(), INTERVAL 6 DAY), 'OPEN', NOW(), NOW()),
  (607, 51, DATE_ADD(CURDATE(), INTERVAL 7 DAY), 'OPEN', NOW(), NOW()),
  (608, 51, DATE_ADD(CURDATE(), INTERVAL 8 DAY), 'OPEN', NOW(), NOW()),
  (609, 51, DATE_ADD(CURDATE(), INTERVAL 9 DAY), 'OPEN', NOW(), NOW()),
  (610, 51, DATE_ADD(CURDATE(), INTERVAL 10 DAY), 'OPEN', NOW(), NOW()),
  (611, 51, DATE_ADD(CURDATE(), INTERVAL 11 DAY), 'OPEN', NOW(), NOW()),
  (612, 51, DATE_ADD(CURDATE(), INTERVAL 12 DAY), 'OPEN', NOW(), NOW()),
  (613, 52, DATE_ADD(CURDATE(), INTERVAL 1 DAY), 'OPEN', NOW(), NOW()),
  (614, 52, DATE_ADD(CURDATE(), INTERVAL 2 DAY), 'OPEN', NOW(), NOW()),
  (615, 52, DATE_ADD(CURDATE(), INTERVAL 3 DAY), 'OPEN', NOW(), NOW()),
  (616, 52, DATE_ADD(CURDATE(), INTERVAL 4 DAY), 'OPEN', NOW(), NOW()),
  (617, 52, DATE_ADD(CURDATE(), INTERVAL 5 DAY), 'OPEN', NOW(), NOW()),
  (618, 52, DATE_ADD(CURDATE(), INTERVAL 6 DAY), 'OPEN', NOW(), NOW()),
  (619, 52, DATE_ADD(CURDATE(), INTERVAL 7 DAY), 'OPEN', NOW(), NOW()),
  (620, 52, DATE_ADD(CURDATE(), INTERVAL 8 DAY), 'OPEN', NOW(), NOW()),
  (621, 52, DATE_ADD(CURDATE(), INTERVAL 9 DAY), 'OPEN', NOW(), NOW()),
  (622, 52, DATE_ADD(CURDATE(), INTERVAL 10 DAY), 'OPEN', NOW(), NOW()),
  (623, 52, DATE_ADD(CURDATE(), INTERVAL 11 DAY), 'OPEN', NOW(), NOW()),
  (624, 52, DATE_ADD(CURDATE(), INTERVAL 12 DAY), 'OPEN', NOW(), NOW()),
  (625, 53, DATE_ADD(CURDATE(), INTERVAL 1 DAY), 'OPEN', NOW(), NOW()),
  (626, 53, DATE_ADD(CURDATE(), INTERVAL 2 DAY), 'OPEN', NOW(), NOW()),
  (627, 53, DATE_ADD(CURDATE(), INTERVAL 3 DAY), 'OPEN', NOW(), NOW()),
  (628, 53, DATE_ADD(CURDATE(), INTERVAL 4 DAY), 'OPEN', NOW(), NOW()),
  (629, 53, DATE_ADD(CURDATE(), INTERVAL 5 DAY), 'OPEN', NOW(), NOW()),
  (630, 53, DATE_ADD(CURDATE(), INTERVAL 6 DAY), 'OPEN', NOW(), NOW()),
  (631, 53, DATE_ADD(CURDATE(), INTERVAL 7 DAY), 'OPEN', NOW(), NOW()),
  (632, 53, DATE_ADD(CURDATE(), INTERVAL 8 DAY), 'OPEN', NOW(), NOW()),
  (633, 53, DATE_ADD(CURDATE(), INTERVAL 9 DAY), 'OPEN', NOW(), NOW()),
  (634, 53, DATE_ADD(CURDATE(), INTERVAL 10 DAY), 'OPEN', NOW(), NOW()),
  (635, 53, DATE_ADD(CURDATE(), INTERVAL 11 DAY), 'OPEN', NOW(), NOW()),
  (636, 53, DATE_ADD(CURDATE(), INTERVAL 12 DAY), 'OPEN', NOW(), NOW()),
  (637, 54, DATE_ADD(CURDATE(), INTERVAL 1 DAY), 'OPEN', NOW(), NOW()),
  (638, 54, DATE_ADD(CURDATE(), INTERVAL 2 DAY), 'OPEN', NOW(), NOW()),
  (639, 54, DATE_ADD(CURDATE(), INTERVAL 3 DAY), 'OPEN', NOW(), NOW()),
  (640, 54, DATE_ADD(CURDATE(), INTERVAL 4 DAY), 'OPEN', NOW(), NOW()),
  (641, 54, DATE_ADD(CURDATE(), INTERVAL 5 DAY), 'OPEN', NOW(), NOW()),
  (642, 54, DATE_ADD(CURDATE(), INTERVAL 6 DAY), 'OPEN', NOW(), NOW()),
  (643, 54, DATE_ADD(CURDATE(), INTERVAL 7 DAY), 'OPEN', NOW(), NOW()),
  (644, 54, DATE_ADD(CURDATE(), INTERVAL 8 DAY), 'OPEN', NOW(), NOW()),
  (645, 54, DATE_ADD(CURDATE(), INTERVAL 9 DAY), 'OPEN', NOW(), NOW()),
  (646, 54, DATE_ADD(CURDATE(), INTERVAL 10 DAY), 'OPEN', NOW(), NOW()),
  (647, 54, DATE_ADD(CURDATE(), INTERVAL 11 DAY), 'OPEN', NOW(), NOW()),
  (648, 54, DATE_ADD(CURDATE(), INTERVAL 12 DAY), 'OPEN', NOW(), NOW()),
  (649, 55, DATE_ADD(CURDATE(), INTERVAL 1 DAY), 'OPEN', NOW(), NOW()),
  (650, 55, DATE_ADD(CURDATE(), INTERVAL 2 DAY), 'OPEN', NOW(), NOW()),
  (651, 55, DATE_ADD(CURDATE(), INTERVAL 3 DAY), 'OPEN', NOW(), NOW()),
  (652, 55, DATE_ADD(CURDATE(), INTERVAL 4 DAY), 'OPEN', NOW(), NOW()),
  (653, 55, DATE_ADD(CURDATE(), INTERVAL 5 DAY), 'OPEN', NOW(), NOW()),
  (654, 55, DATE_ADD(CURDATE(), INTERVAL 6 DAY), 'OPEN', NOW(), NOW()),
  (655, 55, DATE_ADD(CURDATE(), INTERVAL 7 DAY), 'OPEN', NOW(), NOW()),
  (656, 55, DATE_ADD(CURDATE(), INTERVAL 8 DAY), 'OPEN', NOW(), NOW()),
  (657, 55, DATE_ADD(CURDATE(), INTERVAL 9 DAY), 'OPEN', NOW(), NOW()),
  (658, 55, DATE_ADD(CURDATE(), INTERVAL 10 DAY), 'OPEN', NOW(), NOW()),
  (659, 55, DATE_ADD(CURDATE(), INTERVAL 11 DAY), 'OPEN', NOW(), NOW()),
  (660, 55, DATE_ADD(CURDATE(), INTERVAL 12 DAY), 'OPEN', NOW(), NOW()),
  (661, 56, DATE_ADD(CURDATE(), INTERVAL 1 DAY), 'OPEN', NOW(), NOW()),
  (662, 56, DATE_ADD(CURDATE(), INTERVAL 2 DAY), 'OPEN', NOW(), NOW()),
  (663, 56, DATE_ADD(CURDATE(), INTERVAL 3 DAY), 'OPEN', NOW(), NOW()),
  (664, 56, DATE_ADD(CURDATE(), INTERVAL 4 DAY), 'OPEN', NOW(), NOW()),
  (665, 56, DATE_ADD(CURDATE(), INTERVAL 5 DAY), 'OPEN', NOW(), NOW()),
  (666, 56, DATE_ADD(CURDATE(), INTERVAL 6 DAY), 'OPEN', NOW(), NOW()),
  (667, 56, DATE_ADD(CURDATE(), INTERVAL 7 DAY), 'OPEN', NOW(), NOW()),
  (668, 56, DATE_ADD(CURDATE(), INTERVAL 8 DAY), 'OPEN', NOW(), NOW()),
  (669, 56, DATE_ADD(CURDATE(), INTERVAL 9 DAY), 'OPEN', NOW(), NOW()),
  (670, 56, DATE_ADD(CURDATE(), INTERVAL 10 DAY), 'OPEN', NOW(), NOW()),
  (671, 56, DATE_ADD(CURDATE(), INTERVAL 11 DAY), 'OPEN', NOW(), NOW()),
  (672, 56, DATE_ADD(CURDATE(), INTERVAL 12 DAY), 'OPEN', NOW(), NOW()),
  (673, 57, DATE_ADD(CURDATE(), INTERVAL 1 DAY), 'OPEN', NOW(), NOW()),
  (674, 57, DATE_ADD(CURDATE(), INTERVAL 2 DAY), 'OPEN', NOW(), NOW()),
  (675, 57, DATE_ADD(CURDATE(), INTERVAL 3 DAY), 'OPEN', NOW(), NOW()),
  (676, 57, DATE_ADD(CURDATE(), INTERVAL 4 DAY), 'OPEN', NOW(), NOW()),
  (677, 57, DATE_ADD(CURDATE(), INTERVAL 5 DAY), 'OPEN', NOW(), NOW()),
  (678, 57, DATE_ADD(CURDATE(), INTERVAL 6 DAY), 'OPEN', NOW(), NOW()),
  (679, 57, DATE_ADD(CURDATE(), INTERVAL 7 DAY), 'OPEN', NOW(), NOW()),
  (680, 57, DATE_ADD(CURDATE(), INTERVAL 8 DAY), 'OPEN', NOW(), NOW()),
  (681, 57, DATE_ADD(CURDATE(), INTERVAL 9 DAY), 'OPEN', NOW(), NOW()),
  (682, 57, DATE_ADD(CURDATE(), INTERVAL 10 DAY), 'OPEN', NOW(), NOW()),
  (683, 57, DATE_ADD(CURDATE(), INTERVAL 11 DAY), 'OPEN', NOW(), NOW()),
  (684, 57, DATE_ADD(CURDATE(), INTERVAL 12 DAY), 'OPEN', NOW(), NOW()),
  (685, 58, DATE_ADD(CURDATE(), INTERVAL 1 DAY), 'OPEN', NOW(), NOW()),
  (686, 58, DATE_ADD(CURDATE(), INTERVAL 2 DAY), 'OPEN', NOW(), NOW()),
  (687, 58, DATE_ADD(CURDATE(), INTERVAL 3 DAY), 'OPEN', NOW(), NOW()),
  (688, 58, DATE_ADD(CURDATE(), INTERVAL 4 DAY), 'OPEN', NOW(), NOW()),
  (689, 58, DATE_ADD(CURDATE(), INTERVAL 5 DAY), 'OPEN', NOW(), NOW()),
  (690, 58, DATE_ADD(CURDATE(), INTERVAL 6 DAY), 'OPEN', NOW(), NOW()),
  (691, 58, DATE_ADD(CURDATE(), INTERVAL 7 DAY), 'OPEN', NOW(), NOW()),
  (692, 58, DATE_ADD(CURDATE(), INTERVAL 8 DAY), 'OPEN', NOW(), NOW()),
  (693, 58, DATE_ADD(CURDATE(), INTERVAL 9 DAY), 'OPEN', NOW(), NOW()),
  (694, 58, DATE_ADD(CURDATE(), INTERVAL 10 DAY), 'OPEN', NOW(), NOW()),
  (695, 58, DATE_ADD(CURDATE(), INTERVAL 11 DAY), 'OPEN', NOW(), NOW()),
  (696, 58, DATE_ADD(CURDATE(), INTERVAL 12 DAY), 'OPEN', NOW(), NOW()),
  (697, 59, DATE_ADD(CURDATE(), INTERVAL 1 DAY), 'OPEN', NOW(), NOW()),
  (698, 59, DATE_ADD(CURDATE(), INTERVAL 2 DAY), 'OPEN', NOW(), NOW()),
  (699, 59, DATE_ADD(CURDATE(), INTERVAL 3 DAY), 'OPEN', NOW(), NOW()),
  (700, 59, DATE_ADD(CURDATE(), INTERVAL 4 DAY), 'OPEN', NOW(), NOW()),
  (701, 59, DATE_ADD(CURDATE(), INTERVAL 5 DAY), 'OPEN', NOW(), NOW()),
  (702, 59, DATE_ADD(CURDATE(), INTERVAL 6 DAY), 'OPEN', NOW(), NOW()),
  (703, 59, DATE_ADD(CURDATE(), INTERVAL 7 DAY), 'OPEN', NOW(), NOW()),
  (704, 59, DATE_ADD(CURDATE(), INTERVAL 8 DAY), 'OPEN', NOW(), NOW()),
  (705, 59, DATE_ADD(CURDATE(), INTERVAL 9 DAY), 'OPEN', NOW(), NOW()),
  (706, 59, DATE_ADD(CURDATE(), INTERVAL 10 DAY), 'OPEN', NOW(), NOW()),
  (707, 59, DATE_ADD(CURDATE(), INTERVAL 11 DAY), 'OPEN', NOW(), NOW()),
  (708, 59, DATE_ADD(CURDATE(), INTERVAL 12 DAY), 'OPEN', NOW(), NOW()),
  (709, 60, DATE_ADD(CURDATE(), INTERVAL 1 DAY), 'OPEN', NOW(), NOW()),
  (710, 60, DATE_ADD(CURDATE(), INTERVAL 2 DAY), 'OPEN', NOW(), NOW()),
  (711, 60, DATE_ADD(CURDATE(), INTERVAL 3 DAY), 'OPEN', NOW(), NOW()),
  (712, 60, DATE_ADD(CURDATE(), INTERVAL 4 DAY), 'OPEN', NOW(), NOW()),
  (713, 60, DATE_ADD(CURDATE(), INTERVAL 5 DAY), 'OPEN', NOW(), NOW()),
  (714, 60, DATE_ADD(CURDATE(), INTERVAL 6 DAY), 'OPEN', NOW(), NOW()),
  (715, 60, DATE_ADD(CURDATE(), INTERVAL 7 DAY), 'OPEN', NOW(), NOW()),
  (716, 60, DATE_ADD(CURDATE(), INTERVAL 8 DAY), 'OPEN', NOW(), NOW()),
  (717, 60, DATE_ADD(CURDATE(), INTERVAL 9 DAY), 'OPEN', NOW(), NOW()),
  (718, 60, DATE_ADD(CURDATE(), INTERVAL 10 DAY), 'OPEN', NOW(), NOW()),
  (719, 60, DATE_ADD(CURDATE(), INTERVAL 11 DAY), 'OPEN', NOW(), NOW()),
  (720, 60, DATE_ADD(CURDATE(), INTERVAL 12 DAY), 'OPEN', NOW(), NOW()),
  (721, 61, DATE_ADD(CURDATE(), INTERVAL 1 DAY), 'OPEN', NOW(), NOW()),
  (722, 61, DATE_ADD(CURDATE(), INTERVAL 2 DAY), 'OPEN', NOW(), NOW()),
  (723, 61, DATE_ADD(CURDATE(), INTERVAL 3 DAY), 'OPEN', NOW(), NOW()),
  (724, 61, DATE_ADD(CURDATE(), INTERVAL 4 DAY), 'OPEN', NOW(), NOW()),
  (725, 61, DATE_ADD(CURDATE(), INTERVAL 5 DAY), 'OPEN', NOW(), NOW()),
  (726, 61, DATE_ADD(CURDATE(), INTERVAL 6 DAY), 'OPEN', NOW(), NOW()),
  (727, 61, DATE_ADD(CURDATE(), INTERVAL 7 DAY), 'OPEN', NOW(), NOW()),
  (728, 61, DATE_ADD(CURDATE(), INTERVAL 8 DAY), 'OPEN', NOW(), NOW()),
  (729, 61, DATE_ADD(CURDATE(), INTERVAL 9 DAY), 'OPEN', NOW(), NOW()),
  (730, 61, DATE_ADD(CURDATE(), INTERVAL 10 DAY), 'OPEN', NOW(), NOW()),
  (731, 61, DATE_ADD(CURDATE(), INTERVAL 11 DAY), 'OPEN', NOW(), NOW()),
  (732, 61, DATE_ADD(CURDATE(), INTERVAL 12 DAY), 'OPEN', NOW(), NOW()),
  (733, 62, DATE_ADD(CURDATE(), INTERVAL 1 DAY), 'OPEN', NOW(), NOW()),
  (734, 62, DATE_ADD(CURDATE(), INTERVAL 2 DAY), 'OPEN', NOW(), NOW()),
  (735, 62, DATE_ADD(CURDATE(), INTERVAL 3 DAY), 'OPEN', NOW(), NOW()),
  (736, 62, DATE_ADD(CURDATE(), INTERVAL 4 DAY), 'OPEN', NOW(), NOW()),
  (737, 62, DATE_ADD(CURDATE(), INTERVAL 5 DAY), 'OPEN', NOW(), NOW()),
  (738, 62, DATE_ADD(CURDATE(), INTERVAL 6 DAY), 'OPEN', NOW(), NOW()),
  (739, 62, DATE_ADD(CURDATE(), INTERVAL 7 DAY), 'OPEN', NOW(), NOW()),
  (740, 62, DATE_ADD(CURDATE(), INTERVAL 8 DAY), 'OPEN', NOW(), NOW()),
  (741, 62, DATE_ADD(CURDATE(), INTERVAL 9 DAY), 'OPEN', NOW(), NOW()),
  (742, 62, DATE_ADD(CURDATE(), INTERVAL 10 DAY), 'OPEN', NOW(), NOW()),
  (743, 62, DATE_ADD(CURDATE(), INTERVAL 11 DAY), 'OPEN', NOW(), NOW()),
  (744, 62, DATE_ADD(CURDATE(), INTERVAL 12 DAY), 'OPEN', NOW(), NOW()),
  (745, 63, DATE_ADD(CURDATE(), INTERVAL 1 DAY), 'OPEN', NOW(), NOW()),
  (746, 63, DATE_ADD(CURDATE(), INTERVAL 2 DAY), 'OPEN', NOW(), NOW()),
  (747, 63, DATE_ADD(CURDATE(), INTERVAL 3 DAY), 'OPEN', NOW(), NOW()),
  (748, 63, DATE_ADD(CURDATE(), INTERVAL 4 DAY), 'OPEN', NOW(), NOW()),
  (749, 63, DATE_ADD(CURDATE(), INTERVAL 5 DAY), 'OPEN', NOW(), NOW()),
  (750, 63, DATE_ADD(CURDATE(), INTERVAL 6 DAY), 'OPEN', NOW(), NOW()),
  (751, 63, DATE_ADD(CURDATE(), INTERVAL 7 DAY), 'OPEN', NOW(), NOW()),
  (752, 63, DATE_ADD(CURDATE(), INTERVAL 8 DAY), 'OPEN', NOW(), NOW()),
  (753, 63, DATE_ADD(CURDATE(), INTERVAL 9 DAY), 'OPEN', NOW(), NOW()),
  (754, 63, DATE_ADD(CURDATE(), INTERVAL 10 DAY), 'OPEN', NOW(), NOW()),
  (755, 63, DATE_ADD(CURDATE(), INTERVAL 11 DAY), 'OPEN', NOW(), NOW()),
  (756, 63, DATE_ADD(CURDATE(), INTERVAL 12 DAY), 'OPEN', NOW(), NOW()),
  (757, 64, DATE_ADD(CURDATE(), INTERVAL 1 DAY), 'OPEN', NOW(), NOW()),
  (758, 64, DATE_ADD(CURDATE(), INTERVAL 2 DAY), 'OPEN', NOW(), NOW()),
  (759, 64, DATE_ADD(CURDATE(), INTERVAL 3 DAY), 'OPEN', NOW(), NOW()),
  (760, 64, DATE_ADD(CURDATE(), INTERVAL 4 DAY), 'OPEN', NOW(), NOW()),
  (761, 64, DATE_ADD(CURDATE(), INTERVAL 5 DAY), 'OPEN', NOW(), NOW()),
  (762, 64, DATE_ADD(CURDATE(), INTERVAL 6 DAY), 'OPEN', NOW(), NOW()),
  (763, 64, DATE_ADD(CURDATE(), INTERVAL 7 DAY), 'OPEN', NOW(), NOW()),
  (764, 64, DATE_ADD(CURDATE(), INTERVAL 8 DAY), 'OPEN', NOW(), NOW()),
  (765, 64, DATE_ADD(CURDATE(), INTERVAL 9 DAY), 'OPEN', NOW(), NOW()),
  (766, 64, DATE_ADD(CURDATE(), INTERVAL 10 DAY), 'OPEN', NOW(), NOW()),
  (767, 64, DATE_ADD(CURDATE(), INTERVAL 11 DAY), 'OPEN', NOW(), NOW()),
  (768, 64, DATE_ADD(CURDATE(), INTERVAL 12 DAY), 'OPEN', NOW(), NOW()),
  (769, 65, DATE_ADD(CURDATE(), INTERVAL 1 DAY), 'OPEN', NOW(), NOW()),
  (770, 65, DATE_ADD(CURDATE(), INTERVAL 2 DAY), 'OPEN', NOW(), NOW()),
  (771, 65, DATE_ADD(CURDATE(), INTERVAL 3 DAY), 'OPEN', NOW(), NOW()),
  (772, 65, DATE_ADD(CURDATE(), INTERVAL 4 DAY), 'OPEN', NOW(), NOW()),
  (773, 65, DATE_ADD(CURDATE(), INTERVAL 5 DAY), 'OPEN', NOW(), NOW()),
  (774, 65, DATE_ADD(CURDATE(), INTERVAL 6 DAY), 'OPEN', NOW(), NOW()),
  (775, 65, DATE_ADD(CURDATE(), INTERVAL 7 DAY), 'OPEN', NOW(), NOW()),
  (776, 65, DATE_ADD(CURDATE(), INTERVAL 8 DAY), 'OPEN', NOW(), NOW()),
  (777, 65, DATE_ADD(CURDATE(), INTERVAL 9 DAY), 'OPEN', NOW(), NOW()),
  (778, 65, DATE_ADD(CURDATE(), INTERVAL 10 DAY), 'OPEN', NOW(), NOW()),
  (779, 65, DATE_ADD(CURDATE(), INTERVAL 11 DAY), 'OPEN', NOW(), NOW()),
  (780, 65, DATE_ADD(CURDATE(), INTERVAL 12 DAY), 'OPEN', NOW(), NOW()),
  (781, 66, DATE_ADD(CURDATE(), INTERVAL 1 DAY), 'OPEN', NOW(), NOW()),
  (782, 66, DATE_ADD(CURDATE(), INTERVAL 2 DAY), 'OPEN', NOW(), NOW()),
  (783, 66, DATE_ADD(CURDATE(), INTERVAL 3 DAY), 'OPEN', NOW(), NOW()),
  (784, 66, DATE_ADD(CURDATE(), INTERVAL 4 DAY), 'OPEN', NOW(), NOW()),
  (785, 66, DATE_ADD(CURDATE(), INTERVAL 5 DAY), 'OPEN', NOW(), NOW()),
  (786, 66, DATE_ADD(CURDATE(), INTERVAL 6 DAY), 'OPEN', NOW(), NOW()),
  (787, 66, DATE_ADD(CURDATE(), INTERVAL 7 DAY), 'OPEN', NOW(), NOW()),
  (788, 66, DATE_ADD(CURDATE(), INTERVAL 8 DAY), 'OPEN', NOW(), NOW()),
  (789, 66, DATE_ADD(CURDATE(), INTERVAL 9 DAY), 'OPEN', NOW(), NOW()),
  (790, 66, DATE_ADD(CURDATE(), INTERVAL 10 DAY), 'OPEN', NOW(), NOW()),
  (791, 66, DATE_ADD(CURDATE(), INTERVAL 11 DAY), 'OPEN', NOW(), NOW()),
  (792, 66, DATE_ADD(CURDATE(), INTERVAL 12 DAY), 'OPEN', NOW(), NOW()),
  (793, 67, DATE_ADD(CURDATE(), INTERVAL 1 DAY), 'OPEN', NOW(), NOW()),
  (794, 67, DATE_ADD(CURDATE(), INTERVAL 2 DAY), 'OPEN', NOW(), NOW()),
  (795, 67, DATE_ADD(CURDATE(), INTERVAL 3 DAY), 'OPEN', NOW(), NOW()),
  (796, 67, DATE_ADD(CURDATE(), INTERVAL 4 DAY), 'OPEN', NOW(), NOW()),
  (797, 67, DATE_ADD(CURDATE(), INTERVAL 5 DAY), 'OPEN', NOW(), NOW()),
  (798, 67, DATE_ADD(CURDATE(), INTERVAL 6 DAY), 'OPEN', NOW(), NOW()),
  (799, 67, DATE_ADD(CURDATE(), INTERVAL 7 DAY), 'OPEN', NOW(), NOW()),
  (800, 67, DATE_ADD(CURDATE(), INTERVAL 8 DAY), 'OPEN', NOW(), NOW()),
  (801, 67, DATE_ADD(CURDATE(), INTERVAL 9 DAY), 'OPEN', NOW(), NOW()),
  (802, 67, DATE_ADD(CURDATE(), INTERVAL 10 DAY), 'OPEN', NOW(), NOW()),
  (803, 67, DATE_ADD(CURDATE(), INTERVAL 11 DAY), 'OPEN', NOW(), NOW()),
  (804, 67, DATE_ADD(CURDATE(), INTERVAL 12 DAY), 'OPEN', NOW(), NOW()),
  (805, 68, DATE_ADD(CURDATE(), INTERVAL 1 DAY), 'OPEN', NOW(), NOW()),
  (806, 68, DATE_ADD(CURDATE(), INTERVAL 2 DAY), 'OPEN', NOW(), NOW()),
  (807, 68, DATE_ADD(CURDATE(), INTERVAL 3 DAY), 'OPEN', NOW(), NOW()),
  (808, 68, DATE_ADD(CURDATE(), INTERVAL 4 DAY), 'OPEN', NOW(), NOW()),
  (809, 68, DATE_ADD(CURDATE(), INTERVAL 5 DAY), 'OPEN', NOW(), NOW()),
  (810, 68, DATE_ADD(CURDATE(), INTERVAL 6 DAY), 'OPEN', NOW(), NOW()),
  (811, 68, DATE_ADD(CURDATE(), INTERVAL 7 DAY), 'OPEN', NOW(), NOW()),
  (812, 68, DATE_ADD(CURDATE(), INTERVAL 8 DAY), 'OPEN', NOW(), NOW()),
  (813, 68, DATE_ADD(CURDATE(), INTERVAL 9 DAY), 'OPEN', NOW(), NOW()),
  (814, 68, DATE_ADD(CURDATE(), INTERVAL 10 DAY), 'OPEN', NOW(), NOW()),
  (815, 68, DATE_ADD(CURDATE(), INTERVAL 11 DAY), 'OPEN', NOW(), NOW()),
  (816, 68, DATE_ADD(CURDATE(), INTERVAL 12 DAY), 'OPEN', NOW(), NOW()),
  (817, 69, DATE_ADD(CURDATE(), INTERVAL 1 DAY), 'OPEN', NOW(), NOW()),
  (818, 69, DATE_ADD(CURDATE(), INTERVAL 2 DAY), 'OPEN', NOW(), NOW()),
  (819, 69, DATE_ADD(CURDATE(), INTERVAL 3 DAY), 'OPEN', NOW(), NOW()),
  (820, 69, DATE_ADD(CURDATE(), INTERVAL 4 DAY), 'OPEN', NOW(), NOW()),
  (821, 69, DATE_ADD(CURDATE(), INTERVAL 5 DAY), 'OPEN', NOW(), NOW()),
  (822, 69, DATE_ADD(CURDATE(), INTERVAL 6 DAY), 'OPEN', NOW(), NOW()),
  (823, 69, DATE_ADD(CURDATE(), INTERVAL 7 DAY), 'OPEN', NOW(), NOW()),
  (824, 69, DATE_ADD(CURDATE(), INTERVAL 8 DAY), 'OPEN', NOW(), NOW()),
  (825, 69, DATE_ADD(CURDATE(), INTERVAL 9 DAY), 'OPEN', NOW(), NOW()),
  (826, 69, DATE_ADD(CURDATE(), INTERVAL 10 DAY), 'OPEN', NOW(), NOW()),
  (827, 69, DATE_ADD(CURDATE(), INTERVAL 11 DAY), 'OPEN', NOW(), NOW()),
  (828, 69, DATE_ADD(CURDATE(), INTERVAL 12 DAY), 'OPEN', NOW(), NOW()),
  (829, 70, DATE_ADD(CURDATE(), INTERVAL 1 DAY), 'OPEN', NOW(), NOW()),
  (830, 70, DATE_ADD(CURDATE(), INTERVAL 2 DAY), 'OPEN', NOW(), NOW()),
  (831, 70, DATE_ADD(CURDATE(), INTERVAL 3 DAY), 'OPEN', NOW(), NOW()),
  (832, 70, DATE_ADD(CURDATE(), INTERVAL 4 DAY), 'OPEN', NOW(), NOW()),
  (833, 70, DATE_ADD(CURDATE(), INTERVAL 5 DAY), 'OPEN', NOW(), NOW()),
  (834, 70, DATE_ADD(CURDATE(), INTERVAL 6 DAY), 'OPEN', NOW(), NOW()),
  (835, 70, DATE_ADD(CURDATE(), INTERVAL 7 DAY), 'OPEN', NOW(), NOW()),
  (836, 70, DATE_ADD(CURDATE(), INTERVAL 8 DAY), 'OPEN', NOW(), NOW()),
  (837, 70, DATE_ADD(CURDATE(), INTERVAL 9 DAY), 'OPEN', NOW(), NOW()),
  (838, 70, DATE_ADD(CURDATE(), INTERVAL 10 DAY), 'OPEN', NOW(), NOW()),
  (839, 70, DATE_ADD(CURDATE(), INTERVAL 11 DAY), 'OPEN', NOW(), NOW()),
  (840, 70, DATE_ADD(CURDATE(), INTERVAL 12 DAY), 'OPEN', NOW(), NOW()),
  (841, 71, DATE_ADD(CURDATE(), INTERVAL 1 DAY), 'OPEN', NOW(), NOW()),
  (842, 71, DATE_ADD(CURDATE(), INTERVAL 2 DAY), 'OPEN', NOW(), NOW()),
  (843, 71, DATE_ADD(CURDATE(), INTERVAL 3 DAY), 'OPEN', NOW(), NOW()),
  (844, 71, DATE_ADD(CURDATE(), INTERVAL 4 DAY), 'OPEN', NOW(), NOW()),
  (845, 71, DATE_ADD(CURDATE(), INTERVAL 5 DAY), 'OPEN', NOW(), NOW()),
  (846, 71, DATE_ADD(CURDATE(), INTERVAL 6 DAY), 'OPEN', NOW(), NOW()),
  (847, 71, DATE_ADD(CURDATE(), INTERVAL 7 DAY), 'OPEN', NOW(), NOW()),
  (848, 71, DATE_ADD(CURDATE(), INTERVAL 8 DAY), 'OPEN', NOW(), NOW()),
  (849, 71, DATE_ADD(CURDATE(), INTERVAL 9 DAY), 'OPEN', NOW(), NOW()),
  (850, 71, DATE_ADD(CURDATE(), INTERVAL 10 DAY), 'OPEN', NOW(), NOW()),
  (851, 71, DATE_ADD(CURDATE(), INTERVAL 11 DAY), 'OPEN', NOW(), NOW()),
  (852, 71, DATE_ADD(CURDATE(), INTERVAL 12 DAY), 'OPEN', NOW(), NOW()),
  (853, 72, DATE_ADD(CURDATE(), INTERVAL 1 DAY), 'OPEN', NOW(), NOW()),
  (854, 72, DATE_ADD(CURDATE(), INTERVAL 2 DAY), 'OPEN', NOW(), NOW()),
  (855, 72, DATE_ADD(CURDATE(), INTERVAL 3 DAY), 'OPEN', NOW(), NOW()),
  (856, 72, DATE_ADD(CURDATE(), INTERVAL 4 DAY), 'OPEN', NOW(), NOW()),
  (857, 72, DATE_ADD(CURDATE(), INTERVAL 5 DAY), 'OPEN', NOW(), NOW()),
  (858, 72, DATE_ADD(CURDATE(), INTERVAL 6 DAY), 'OPEN', NOW(), NOW()),
  (859, 72, DATE_ADD(CURDATE(), INTERVAL 7 DAY), 'OPEN', NOW(), NOW()),
  (860, 72, DATE_ADD(CURDATE(), INTERVAL 8 DAY), 'OPEN', NOW(), NOW()),
  (861, 72, DATE_ADD(CURDATE(), INTERVAL 9 DAY), 'OPEN', NOW(), NOW()),
  (862, 72, DATE_ADD(CURDATE(), INTERVAL 10 DAY), 'OPEN', NOW(), NOW()),
  (863, 72, DATE_ADD(CURDATE(), INTERVAL 11 DAY), 'OPEN', NOW(), NOW()),
  (864, 72, DATE_ADD(CURDATE(), INTERVAL 12 DAY), 'OPEN', NOW(), NOW()),
  (865, 73, DATE_ADD(CURDATE(), INTERVAL 1 DAY), 'OPEN', NOW(), NOW()),
  (866, 73, DATE_ADD(CURDATE(), INTERVAL 2 DAY), 'OPEN', NOW(), NOW()),
  (867, 73, DATE_ADD(CURDATE(), INTERVAL 3 DAY), 'OPEN', NOW(), NOW()),
  (868, 73, DATE_ADD(CURDATE(), INTERVAL 4 DAY), 'OPEN', NOW(), NOW()),
  (869, 73, DATE_ADD(CURDATE(), INTERVAL 5 DAY), 'OPEN', NOW(), NOW()),
  (870, 73, DATE_ADD(CURDATE(), INTERVAL 6 DAY), 'OPEN', NOW(), NOW()),
  (871, 73, DATE_ADD(CURDATE(), INTERVAL 7 DAY), 'OPEN', NOW(), NOW()),
  (872, 73, DATE_ADD(CURDATE(), INTERVAL 8 DAY), 'OPEN', NOW(), NOW()),
  (873, 73, DATE_ADD(CURDATE(), INTERVAL 9 DAY), 'OPEN', NOW(), NOW()),
  (874, 73, DATE_ADD(CURDATE(), INTERVAL 10 DAY), 'OPEN', NOW(), NOW()),
  (875, 73, DATE_ADD(CURDATE(), INTERVAL 11 DAY), 'OPEN', NOW(), NOW()),
  (876, 73, DATE_ADD(CURDATE(), INTERVAL 12 DAY), 'OPEN', NOW(), NOW()),
  (877, 74, DATE_ADD(CURDATE(), INTERVAL 1 DAY), 'OPEN', NOW(), NOW()),
  (878, 74, DATE_ADD(CURDATE(), INTERVAL 2 DAY), 'OPEN', NOW(), NOW()),
  (879, 74, DATE_ADD(CURDATE(), INTERVAL 3 DAY), 'OPEN', NOW(), NOW()),
  (880, 74, DATE_ADD(CURDATE(), INTERVAL 4 DAY), 'OPEN', NOW(), NOW()),
  (881, 74, DATE_ADD(CURDATE(), INTERVAL 5 DAY), 'OPEN', NOW(), NOW()),
  (882, 74, DATE_ADD(CURDATE(), INTERVAL 6 DAY), 'OPEN', NOW(), NOW()),
  (883, 74, DATE_ADD(CURDATE(), INTERVAL 7 DAY), 'OPEN', NOW(), NOW()),
  (884, 74, DATE_ADD(CURDATE(), INTERVAL 8 DAY), 'OPEN', NOW(), NOW()),
  (885, 74, DATE_ADD(CURDATE(), INTERVAL 9 DAY), 'OPEN', NOW(), NOW()),
  (886, 74, DATE_ADD(CURDATE(), INTERVAL 10 DAY), 'OPEN', NOW(), NOW()),
  (887, 74, DATE_ADD(CURDATE(), INTERVAL 11 DAY), 'OPEN', NOW(), NOW()),
  (888, 74, DATE_ADD(CURDATE(), INTERVAL 12 DAY), 'OPEN', NOW(), NOW()),
  (889, 75, DATE_ADD(CURDATE(), INTERVAL 1 DAY), 'OPEN', NOW(), NOW()),
  (890, 75, DATE_ADD(CURDATE(), INTERVAL 2 DAY), 'OPEN', NOW(), NOW()),
  (891, 75, DATE_ADD(CURDATE(), INTERVAL 3 DAY), 'OPEN', NOW(), NOW()),
  (892, 75, DATE_ADD(CURDATE(), INTERVAL 4 DAY), 'OPEN', NOW(), NOW()),
  (893, 75, DATE_ADD(CURDATE(), INTERVAL 5 DAY), 'OPEN', NOW(), NOW()),
  (894, 75, DATE_ADD(CURDATE(), INTERVAL 6 DAY), 'OPEN', NOW(), NOW()),
  (895, 75, DATE_ADD(CURDATE(), INTERVAL 7 DAY), 'OPEN', NOW(), NOW()),
  (896, 75, DATE_ADD(CURDATE(), INTERVAL 8 DAY), 'OPEN', NOW(), NOW()),
  (897, 75, DATE_ADD(CURDATE(), INTERVAL 9 DAY), 'OPEN', NOW(), NOW()),
  (898, 75, DATE_ADD(CURDATE(), INTERVAL 10 DAY), 'OPEN', NOW(), NOW()),
  (899, 75, DATE_ADD(CURDATE(), INTERVAL 11 DAY), 'OPEN', NOW(), NOW()),
  (900, 75, DATE_ADD(CURDATE(), INTERVAL 12 DAY), 'OPEN', NOW(), NOW()),
  (901, 76, DATE_ADD(CURDATE(), INTERVAL 1 DAY), 'OPEN', NOW(), NOW()),
  (902, 76, DATE_ADD(CURDATE(), INTERVAL 2 DAY), 'OPEN', NOW(), NOW()),
  (903, 76, DATE_ADD(CURDATE(), INTERVAL 3 DAY), 'OPEN', NOW(), NOW()),
  (904, 76, DATE_ADD(CURDATE(), INTERVAL 4 DAY), 'OPEN', NOW(), NOW()),
  (905, 76, DATE_ADD(CURDATE(), INTERVAL 5 DAY), 'OPEN', NOW(), NOW()),
  (906, 76, DATE_ADD(CURDATE(), INTERVAL 6 DAY), 'OPEN', NOW(), NOW()),
  (907, 76, DATE_ADD(CURDATE(), INTERVAL 7 DAY), 'OPEN', NOW(), NOW()),
  (908, 76, DATE_ADD(CURDATE(), INTERVAL 8 DAY), 'OPEN', NOW(), NOW()),
  (909, 76, DATE_ADD(CURDATE(), INTERVAL 9 DAY), 'OPEN', NOW(), NOW()),
  (910, 76, DATE_ADD(CURDATE(), INTERVAL 10 DAY), 'OPEN', NOW(), NOW()),
  (911, 76, DATE_ADD(CURDATE(), INTERVAL 11 DAY), 'OPEN', NOW(), NOW()),
  (912, 76, DATE_ADD(CURDATE(), INTERVAL 12 DAY), 'OPEN', NOW(), NOW()),
  (913, 77, DATE_ADD(CURDATE(), INTERVAL 1 DAY), 'OPEN', NOW(), NOW()),
  (914, 77, DATE_ADD(CURDATE(), INTERVAL 2 DAY), 'OPEN', NOW(), NOW()),
  (915, 77, DATE_ADD(CURDATE(), INTERVAL 3 DAY), 'OPEN', NOW(), NOW()),
  (916, 77, DATE_ADD(CURDATE(), INTERVAL 4 DAY), 'OPEN', NOW(), NOW()),
  (917, 77, DATE_ADD(CURDATE(), INTERVAL 5 DAY), 'OPEN', NOW(), NOW()),
  (918, 77, DATE_ADD(CURDATE(), INTERVAL 6 DAY), 'OPEN', NOW(), NOW()),
  (919, 77, DATE_ADD(CURDATE(), INTERVAL 7 DAY), 'OPEN', NOW(), NOW()),
  (920, 77, DATE_ADD(CURDATE(), INTERVAL 8 DAY), 'OPEN', NOW(), NOW()),
  (921, 77, DATE_ADD(CURDATE(), INTERVAL 9 DAY), 'OPEN', NOW(), NOW()),
  (922, 77, DATE_ADD(CURDATE(), INTERVAL 10 DAY), 'OPEN', NOW(), NOW()),
  (923, 77, DATE_ADD(CURDATE(), INTERVAL 11 DAY), 'OPEN', NOW(), NOW()),
  (924, 77, DATE_ADD(CURDATE(), INTERVAL 12 DAY), 'OPEN', NOW(), NOW()),
  (925, 78, DATE_ADD(CURDATE(), INTERVAL 1 DAY), 'OPEN', NOW(), NOW()),
  (926, 78, DATE_ADD(CURDATE(), INTERVAL 2 DAY), 'OPEN', NOW(), NOW()),
  (927, 78, DATE_ADD(CURDATE(), INTERVAL 3 DAY), 'OPEN', NOW(), NOW()),
  (928, 78, DATE_ADD(CURDATE(), INTERVAL 4 DAY), 'OPEN', NOW(), NOW()),
  (929, 78, DATE_ADD(CURDATE(), INTERVAL 5 DAY), 'OPEN', NOW(), NOW()),
  (930, 78, DATE_ADD(CURDATE(), INTERVAL 6 DAY), 'OPEN', NOW(), NOW()),
  (931, 78, DATE_ADD(CURDATE(), INTERVAL 7 DAY), 'OPEN', NOW(), NOW()),
  (932, 78, DATE_ADD(CURDATE(), INTERVAL 8 DAY), 'OPEN', NOW(), NOW()),
  (933, 78, DATE_ADD(CURDATE(), INTERVAL 9 DAY), 'OPEN', NOW(), NOW()),
  (934, 78, DATE_ADD(CURDATE(), INTERVAL 10 DAY), 'OPEN', NOW(), NOW()),
  (935, 78, DATE_ADD(CURDATE(), INTERVAL 11 DAY), 'OPEN', NOW(), NOW()),
  (936, 78, DATE_ADD(CURDATE(), INTERVAL 12 DAY), 'OPEN', NOW(), NOW()),
  (937, 79, DATE_ADD(CURDATE(), INTERVAL 1 DAY), 'OPEN', NOW(), NOW()),
  (938, 79, DATE_ADD(CURDATE(), INTERVAL 2 DAY), 'OPEN', NOW(), NOW()),
  (939, 79, DATE_ADD(CURDATE(), INTERVAL 3 DAY), 'OPEN', NOW(), NOW()),
  (940, 79, DATE_ADD(CURDATE(), INTERVAL 4 DAY), 'OPEN', NOW(), NOW()),
  (941, 79, DATE_ADD(CURDATE(), INTERVAL 5 DAY), 'OPEN', NOW(), NOW()),
  (942, 79, DATE_ADD(CURDATE(), INTERVAL 6 DAY), 'OPEN', NOW(), NOW()),
  (943, 79, DATE_ADD(CURDATE(), INTERVAL 7 DAY), 'OPEN', NOW(), NOW()),
  (944, 79, DATE_ADD(CURDATE(), INTERVAL 8 DAY), 'OPEN', NOW(), NOW()),
  (945, 79, DATE_ADD(CURDATE(), INTERVAL 9 DAY), 'OPEN', NOW(), NOW()),
  (946, 79, DATE_ADD(CURDATE(), INTERVAL 10 DAY), 'OPEN', NOW(), NOW()),
  (947, 79, DATE_ADD(CURDATE(), INTERVAL 11 DAY), 'OPEN', NOW(), NOW()),
  (948, 79, DATE_ADD(CURDATE(), INTERVAL 12 DAY), 'OPEN', NOW(), NOW()),
  (949, 80, DATE_ADD(CURDATE(), INTERVAL 1 DAY), 'OPEN', NOW(), NOW()),
  (950, 80, DATE_ADD(CURDATE(), INTERVAL 2 DAY), 'OPEN', NOW(), NOW()),
  (951, 80, DATE_ADD(CURDATE(), INTERVAL 3 DAY), 'OPEN', NOW(), NOW()),
  (952, 80, DATE_ADD(CURDATE(), INTERVAL 4 DAY), 'OPEN', NOW(), NOW()),
  (953, 80, DATE_ADD(CURDATE(), INTERVAL 5 DAY), 'OPEN', NOW(), NOW()),
  (954, 80, DATE_ADD(CURDATE(), INTERVAL 6 DAY), 'OPEN', NOW(), NOW()),
  (955, 80, DATE_ADD(CURDATE(), INTERVAL 7 DAY), 'OPEN', NOW(), NOW()),
  (956, 80, DATE_ADD(CURDATE(), INTERVAL 8 DAY), 'OPEN', NOW(), NOW()),
  (957, 80, DATE_ADD(CURDATE(), INTERVAL 9 DAY), 'OPEN', NOW(), NOW()),
  (958, 80, DATE_ADD(CURDATE(), INTERVAL 10 DAY), 'OPEN', NOW(), NOW()),
  (959, 80, DATE_ADD(CURDATE(), INTERVAL 11 DAY), 'OPEN', NOW(), NOW()),
  (960, 80, DATE_ADD(CURDATE(), INTERVAL 12 DAY), 'OPEN', NOW(), NOW()),
  (961, 81, DATE_ADD(CURDATE(), INTERVAL 1 DAY), 'OPEN', NOW(), NOW()),
  (962, 81, DATE_ADD(CURDATE(), INTERVAL 2 DAY), 'OPEN', NOW(), NOW()),
  (963, 81, DATE_ADD(CURDATE(), INTERVAL 3 DAY), 'OPEN', NOW(), NOW()),
  (964, 81, DATE_ADD(CURDATE(), INTERVAL 4 DAY), 'OPEN', NOW(), NOW()),
  (965, 81, DATE_ADD(CURDATE(), INTERVAL 5 DAY), 'OPEN', NOW(), NOW()),
  (966, 81, DATE_ADD(CURDATE(), INTERVAL 6 DAY), 'OPEN', NOW(), NOW()),
  (967, 81, DATE_ADD(CURDATE(), INTERVAL 7 DAY), 'OPEN', NOW(), NOW()),
  (968, 81, DATE_ADD(CURDATE(), INTERVAL 8 DAY), 'OPEN', NOW(), NOW()),
  (969, 81, DATE_ADD(CURDATE(), INTERVAL 9 DAY), 'OPEN', NOW(), NOW()),
  (970, 81, DATE_ADD(CURDATE(), INTERVAL 10 DAY), 'OPEN', NOW(), NOW()),
  (971, 81, DATE_ADD(CURDATE(), INTERVAL 11 DAY), 'OPEN', NOW(), NOW()),
  (972, 81, DATE_ADD(CURDATE(), INTERVAL 12 DAY), 'OPEN', NOW(), NOW()),
  (973, 82, DATE_ADD(CURDATE(), INTERVAL 1 DAY), 'OPEN', NOW(), NOW()),
  (974, 82, DATE_ADD(CURDATE(), INTERVAL 2 DAY), 'OPEN', NOW(), NOW()),
  (975, 82, DATE_ADD(CURDATE(), INTERVAL 3 DAY), 'OPEN', NOW(), NOW()),
  (976, 82, DATE_ADD(CURDATE(), INTERVAL 4 DAY), 'OPEN', NOW(), NOW()),
  (977, 82, DATE_ADD(CURDATE(), INTERVAL 5 DAY), 'OPEN', NOW(), NOW()),
  (978, 82, DATE_ADD(CURDATE(), INTERVAL 6 DAY), 'OPEN', NOW(), NOW()),
  (979, 82, DATE_ADD(CURDATE(), INTERVAL 7 DAY), 'OPEN', NOW(), NOW()),
  (980, 82, DATE_ADD(CURDATE(), INTERVAL 8 DAY), 'OPEN', NOW(), NOW()),
  (981, 82, DATE_ADD(CURDATE(), INTERVAL 9 DAY), 'OPEN', NOW(), NOW()),
  (982, 82, DATE_ADD(CURDATE(), INTERVAL 10 DAY), 'OPEN', NOW(), NOW()),
  (983, 82, DATE_ADD(CURDATE(), INTERVAL 11 DAY), 'OPEN', NOW(), NOW()),
  (984, 82, DATE_ADD(CURDATE(), INTERVAL 12 DAY), 'OPEN', NOW(), NOW()),
  (985, 83, DATE_ADD(CURDATE(), INTERVAL 1 DAY), 'OPEN', NOW(), NOW()),
  (986, 83, DATE_ADD(CURDATE(), INTERVAL 2 DAY), 'OPEN', NOW(), NOW()),
  (987, 83, DATE_ADD(CURDATE(), INTERVAL 3 DAY), 'OPEN', NOW(), NOW()),
  (988, 83, DATE_ADD(CURDATE(), INTERVAL 4 DAY), 'OPEN', NOW(), NOW()),
  (989, 83, DATE_ADD(CURDATE(), INTERVAL 5 DAY), 'OPEN', NOW(), NOW()),
  (990, 83, DATE_ADD(CURDATE(), INTERVAL 6 DAY), 'OPEN', NOW(), NOW()),
  (991, 83, DATE_ADD(CURDATE(), INTERVAL 7 DAY), 'OPEN', NOW(), NOW()),
  (992, 83, DATE_ADD(CURDATE(), INTERVAL 8 DAY), 'OPEN', NOW(), NOW()),
  (993, 83, DATE_ADD(CURDATE(), INTERVAL 9 DAY), 'OPEN', NOW(), NOW()),
  (994, 83, DATE_ADD(CURDATE(), INTERVAL 10 DAY), 'OPEN', NOW(), NOW()),
  (995, 83, DATE_ADD(CURDATE(), INTERVAL 11 DAY), 'OPEN', NOW(), NOW()),
  (996, 83, DATE_ADD(CURDATE(), INTERVAL 12 DAY), 'OPEN', NOW(), NOW()),
  (997, 84, DATE_ADD(CURDATE(), INTERVAL 1 DAY), 'OPEN', NOW(), NOW()),
  (998, 84, DATE_ADD(CURDATE(), INTERVAL 2 DAY), 'OPEN', NOW(), NOW()),
  (999, 84, DATE_ADD(CURDATE(), INTERVAL 3 DAY), 'OPEN', NOW(), NOW()),
  (1000, 84, DATE_ADD(CURDATE(), INTERVAL 4 DAY), 'OPEN', NOW(), NOW()),
  (1001, 84, DATE_ADD(CURDATE(), INTERVAL 5 DAY), 'OPEN', NOW(), NOW()),
  (1002, 84, DATE_ADD(CURDATE(), INTERVAL 6 DAY), 'OPEN', NOW(), NOW()),
  (1003, 84, DATE_ADD(CURDATE(), INTERVAL 7 DAY), 'OPEN', NOW(), NOW()),
  (1004, 84, DATE_ADD(CURDATE(), INTERVAL 8 DAY), 'OPEN', NOW(), NOW()),
  (1005, 84, DATE_ADD(CURDATE(), INTERVAL 9 DAY), 'OPEN', NOW(), NOW()),
  (1006, 84, DATE_ADD(CURDATE(), INTERVAL 10 DAY), 'OPEN', NOW(), NOW()),
  (1007, 84, DATE_ADD(CURDATE(), INTERVAL 11 DAY), 'OPEN', NOW(), NOW()),
  (1008, 84, DATE_ADD(CURDATE(), INTERVAL 12 DAY), 'OPEN', NOW(), NOW()),
  (1009, 85, DATE_ADD(CURDATE(), INTERVAL 1 DAY), 'OPEN', NOW(), NOW()),
  (1010, 85, DATE_ADD(CURDATE(), INTERVAL 2 DAY), 'OPEN', NOW(), NOW()),
  (1011, 85, DATE_ADD(CURDATE(), INTERVAL 3 DAY), 'OPEN', NOW(), NOW()),
  (1012, 85, DATE_ADD(CURDATE(), INTERVAL 4 DAY), 'OPEN', NOW(), NOW()),
  (1013, 85, DATE_ADD(CURDATE(), INTERVAL 5 DAY), 'OPEN', NOW(), NOW()),
  (1014, 85, DATE_ADD(CURDATE(), INTERVAL 6 DAY), 'OPEN', NOW(), NOW()),
  (1015, 85, DATE_ADD(CURDATE(), INTERVAL 7 DAY), 'OPEN', NOW(), NOW()),
  (1016, 85, DATE_ADD(CURDATE(), INTERVAL 8 DAY), 'OPEN', NOW(), NOW()),
  (1017, 85, DATE_ADD(CURDATE(), INTERVAL 9 DAY), 'OPEN', NOW(), NOW()),
  (1018, 85, DATE_ADD(CURDATE(), INTERVAL 10 DAY), 'OPEN', NOW(), NOW()),
  (1019, 85, DATE_ADD(CURDATE(), INTERVAL 11 DAY), 'OPEN', NOW(), NOW()),
  (1020, 85, DATE_ADD(CURDATE(), INTERVAL 12 DAY), 'OPEN', NOW(), NOW()),
  (1021, 86, DATE_ADD(CURDATE(), INTERVAL 1 DAY), 'OPEN', NOW(), NOW()),
  (1022, 86, DATE_ADD(CURDATE(), INTERVAL 2 DAY), 'OPEN', NOW(), NOW()),
  (1023, 86, DATE_ADD(CURDATE(), INTERVAL 3 DAY), 'OPEN', NOW(), NOW()),
  (1024, 86, DATE_ADD(CURDATE(), INTERVAL 4 DAY), 'OPEN', NOW(), NOW()),
  (1025, 86, DATE_ADD(CURDATE(), INTERVAL 5 DAY), 'OPEN', NOW(), NOW()),
  (1026, 86, DATE_ADD(CURDATE(), INTERVAL 6 DAY), 'OPEN', NOW(), NOW()),
  (1027, 86, DATE_ADD(CURDATE(), INTERVAL 7 DAY), 'OPEN', NOW(), NOW()),
  (1028, 86, DATE_ADD(CURDATE(), INTERVAL 8 DAY), 'OPEN', NOW(), NOW()),
  (1029, 86, DATE_ADD(CURDATE(), INTERVAL 9 DAY), 'OPEN', NOW(), NOW()),
  (1030, 86, DATE_ADD(CURDATE(), INTERVAL 10 DAY), 'OPEN', NOW(), NOW()),
  (1031, 86, DATE_ADD(CURDATE(), INTERVAL 11 DAY), 'OPEN', NOW(), NOW()),
  (1032, 86, DATE_ADD(CURDATE(), INTERVAL 12 DAY), 'OPEN', NOW(), NOW()),
  (1033, 87, DATE_ADD(CURDATE(), INTERVAL 1 DAY), 'OPEN', NOW(), NOW()),
  (1034, 87, DATE_ADD(CURDATE(), INTERVAL 2 DAY), 'OPEN', NOW(), NOW()),
  (1035, 87, DATE_ADD(CURDATE(), INTERVAL 3 DAY), 'OPEN', NOW(), NOW()),
  (1036, 87, DATE_ADD(CURDATE(), INTERVAL 4 DAY), 'OPEN', NOW(), NOW()),
  (1037, 87, DATE_ADD(CURDATE(), INTERVAL 5 DAY), 'OPEN', NOW(), NOW()),
  (1038, 87, DATE_ADD(CURDATE(), INTERVAL 6 DAY), 'OPEN', NOW(), NOW()),
  (1039, 87, DATE_ADD(CURDATE(), INTERVAL 7 DAY), 'OPEN', NOW(), NOW()),
  (1040, 87, DATE_ADD(CURDATE(), INTERVAL 8 DAY), 'OPEN', NOW(), NOW()),
  (1041, 87, DATE_ADD(CURDATE(), INTERVAL 9 DAY), 'OPEN', NOW(), NOW()),
  (1042, 87, DATE_ADD(CURDATE(), INTERVAL 10 DAY), 'OPEN', NOW(), NOW()),
  (1043, 87, DATE_ADD(CURDATE(), INTERVAL 11 DAY), 'OPEN', NOW(), NOW()),
  (1044, 87, DATE_ADD(CURDATE(), INTERVAL 12 DAY), 'OPEN', NOW(), NOW()),
  (1045, 88, DATE_ADD(CURDATE(), INTERVAL 1 DAY), 'OPEN', NOW(), NOW()),
  (1046, 88, DATE_ADD(CURDATE(), INTERVAL 2 DAY), 'OPEN', NOW(), NOW()),
  (1047, 88, DATE_ADD(CURDATE(), INTERVAL 3 DAY), 'OPEN', NOW(), NOW()),
  (1048, 88, DATE_ADD(CURDATE(), INTERVAL 4 DAY), 'OPEN', NOW(), NOW()),
  (1049, 88, DATE_ADD(CURDATE(), INTERVAL 5 DAY), 'OPEN', NOW(), NOW()),
  (1050, 88, DATE_ADD(CURDATE(), INTERVAL 6 DAY), 'OPEN', NOW(), NOW()),
  (1051, 88, DATE_ADD(CURDATE(), INTERVAL 7 DAY), 'OPEN', NOW(), NOW()),
  (1052, 88, DATE_ADD(CURDATE(), INTERVAL 8 DAY), 'OPEN', NOW(), NOW()),
  (1053, 88, DATE_ADD(CURDATE(), INTERVAL 9 DAY), 'OPEN', NOW(), NOW()),
  (1054, 88, DATE_ADD(CURDATE(), INTERVAL 10 DAY), 'OPEN', NOW(), NOW()),
  (1055, 88, DATE_ADD(CURDATE(), INTERVAL 11 DAY), 'OPEN', NOW(), NOW()),
  (1056, 88, DATE_ADD(CURDATE(), INTERVAL 12 DAY), 'OPEN', NOW(), NOW()),
  (1057, 89, DATE_ADD(CURDATE(), INTERVAL 1 DAY), 'OPEN', NOW(), NOW()),
  (1058, 89, DATE_ADD(CURDATE(), INTERVAL 2 DAY), 'OPEN', NOW(), NOW()),
  (1059, 89, DATE_ADD(CURDATE(), INTERVAL 3 DAY), 'OPEN', NOW(), NOW()),
  (1060, 89, DATE_ADD(CURDATE(), INTERVAL 4 DAY), 'OPEN', NOW(), NOW()),
  (1061, 89, DATE_ADD(CURDATE(), INTERVAL 5 DAY), 'OPEN', NOW(), NOW()),
  (1062, 89, DATE_ADD(CURDATE(), INTERVAL 6 DAY), 'OPEN', NOW(), NOW()),
  (1063, 89, DATE_ADD(CURDATE(), INTERVAL 7 DAY), 'OPEN', NOW(), NOW()),
  (1064, 89, DATE_ADD(CURDATE(), INTERVAL 8 DAY), 'OPEN', NOW(), NOW()),
  (1065, 89, DATE_ADD(CURDATE(), INTERVAL 9 DAY), 'OPEN', NOW(), NOW()),
  (1066, 89, DATE_ADD(CURDATE(), INTERVAL 10 DAY), 'OPEN', NOW(), NOW()),
  (1067, 89, DATE_ADD(CURDATE(), INTERVAL 11 DAY), 'OPEN', NOW(), NOW()),
  (1068, 89, DATE_ADD(CURDATE(), INTERVAL 12 DAY), 'OPEN', NOW(), NOW()),
  (1069, 90, DATE_ADD(CURDATE(), INTERVAL 1 DAY), 'OPEN', NOW(), NOW()),
  (1070, 90, DATE_ADD(CURDATE(), INTERVAL 2 DAY), 'OPEN', NOW(), NOW()),
  (1071, 90, DATE_ADD(CURDATE(), INTERVAL 3 DAY), 'OPEN', NOW(), NOW()),
  (1072, 90, DATE_ADD(CURDATE(), INTERVAL 4 DAY), 'OPEN', NOW(), NOW()),
  (1073, 90, DATE_ADD(CURDATE(), INTERVAL 5 DAY), 'OPEN', NOW(), NOW()),
  (1074, 90, DATE_ADD(CURDATE(), INTERVAL 6 DAY), 'OPEN', NOW(), NOW()),
  (1075, 90, DATE_ADD(CURDATE(), INTERVAL 7 DAY), 'OPEN', NOW(), NOW()),
  (1076, 90, DATE_ADD(CURDATE(), INTERVAL 8 DAY), 'OPEN', NOW(), NOW()),
  (1077, 90, DATE_ADD(CURDATE(), INTERVAL 9 DAY), 'OPEN', NOW(), NOW()),
  (1078, 90, DATE_ADD(CURDATE(), INTERVAL 10 DAY), 'OPEN', NOW(), NOW()),
  (1079, 90, DATE_ADD(CURDATE(), INTERVAL 11 DAY), 'OPEN', NOW(), NOW()),
  (1080, 90, DATE_ADD(CURDATE(), INTERVAL 12 DAY), 'OPEN', NOW(), NOW()),
  (1081, 91, DATE_ADD(CURDATE(), INTERVAL 1 DAY), 'OPEN', NOW(), NOW()),
  (1082, 91, DATE_ADD(CURDATE(), INTERVAL 2 DAY), 'OPEN', NOW(), NOW()),
  (1083, 91, DATE_ADD(CURDATE(), INTERVAL 3 DAY), 'OPEN', NOW(), NOW()),
  (1084, 91, DATE_ADD(CURDATE(), INTERVAL 4 DAY), 'OPEN', NOW(), NOW()),
  (1085, 91, DATE_ADD(CURDATE(), INTERVAL 5 DAY), 'OPEN', NOW(), NOW()),
  (1086, 91, DATE_ADD(CURDATE(), INTERVAL 6 DAY), 'OPEN', NOW(), NOW()),
  (1087, 91, DATE_ADD(CURDATE(), INTERVAL 7 DAY), 'OPEN', NOW(), NOW()),
  (1088, 91, DATE_ADD(CURDATE(), INTERVAL 8 DAY), 'OPEN', NOW(), NOW()),
  (1089, 91, DATE_ADD(CURDATE(), INTERVAL 9 DAY), 'OPEN', NOW(), NOW()),
  (1090, 91, DATE_ADD(CURDATE(), INTERVAL 10 DAY), 'OPEN', NOW(), NOW()),
  (1091, 91, DATE_ADD(CURDATE(), INTERVAL 11 DAY), 'OPEN', NOW(), NOW()),
  (1092, 91, DATE_ADD(CURDATE(), INTERVAL 12 DAY), 'OPEN', NOW(), NOW()),
  (1093, 92, DATE_ADD(CURDATE(), INTERVAL 1 DAY), 'OPEN', NOW(), NOW()),
  (1094, 92, DATE_ADD(CURDATE(), INTERVAL 2 DAY), 'OPEN', NOW(), NOW()),
  (1095, 92, DATE_ADD(CURDATE(), INTERVAL 3 DAY), 'OPEN', NOW(), NOW()),
  (1096, 92, DATE_ADD(CURDATE(), INTERVAL 4 DAY), 'OPEN', NOW(), NOW()),
  (1097, 92, DATE_ADD(CURDATE(), INTERVAL 5 DAY), 'OPEN', NOW(), NOW()),
  (1098, 92, DATE_ADD(CURDATE(), INTERVAL 6 DAY), 'OPEN', NOW(), NOW()),
  (1099, 92, DATE_ADD(CURDATE(), INTERVAL 7 DAY), 'OPEN', NOW(), NOW()),
  (1100, 92, DATE_ADD(CURDATE(), INTERVAL 8 DAY), 'OPEN', NOW(), NOW()),
  (1101, 92, DATE_ADD(CURDATE(), INTERVAL 9 DAY), 'OPEN', NOW(), NOW()),
  (1102, 92, DATE_ADD(CURDATE(), INTERVAL 10 DAY), 'OPEN', NOW(), NOW()),
  (1103, 92, DATE_ADD(CURDATE(), INTERVAL 11 DAY), 'OPEN', NOW(), NOW()),
  (1104, 92, DATE_ADD(CURDATE(), INTERVAL 12 DAY), 'OPEN', NOW(), NOW()),
  (1105, 93, DATE_ADD(CURDATE(), INTERVAL 1 DAY), 'OPEN', NOW(), NOW()),
  (1106, 93, DATE_ADD(CURDATE(), INTERVAL 2 DAY), 'OPEN', NOW(), NOW()),
  (1107, 93, DATE_ADD(CURDATE(), INTERVAL 3 DAY), 'OPEN', NOW(), NOW()),
  (1108, 93, DATE_ADD(CURDATE(), INTERVAL 4 DAY), 'OPEN', NOW(), NOW()),
  (1109, 93, DATE_ADD(CURDATE(), INTERVAL 5 DAY), 'OPEN', NOW(), NOW()),
  (1110, 93, DATE_ADD(CURDATE(), INTERVAL 6 DAY), 'OPEN', NOW(), NOW()),
  (1111, 93, DATE_ADD(CURDATE(), INTERVAL 7 DAY), 'OPEN', NOW(), NOW()),
  (1112, 93, DATE_ADD(CURDATE(), INTERVAL 8 DAY), 'OPEN', NOW(), NOW()),
  (1113, 93, DATE_ADD(CURDATE(), INTERVAL 9 DAY), 'OPEN', NOW(), NOW()),
  (1114, 93, DATE_ADD(CURDATE(), INTERVAL 10 DAY), 'OPEN', NOW(), NOW()),
  (1115, 93, DATE_ADD(CURDATE(), INTERVAL 11 DAY), 'OPEN', NOW(), NOW()),
  (1116, 93, DATE_ADD(CURDATE(), INTERVAL 12 DAY), 'OPEN', NOW(), NOW()),
  (1117, 94, DATE_ADD(CURDATE(), INTERVAL 1 DAY), 'OPEN', NOW(), NOW()),
  (1118, 94, DATE_ADD(CURDATE(), INTERVAL 2 DAY), 'OPEN', NOW(), NOW()),
  (1119, 94, DATE_ADD(CURDATE(), INTERVAL 3 DAY), 'OPEN', NOW(), NOW()),
  (1120, 94, DATE_ADD(CURDATE(), INTERVAL 4 DAY), 'OPEN', NOW(), NOW()),
  (1121, 94, DATE_ADD(CURDATE(), INTERVAL 5 DAY), 'OPEN', NOW(), NOW()),
  (1122, 94, DATE_ADD(CURDATE(), INTERVAL 6 DAY), 'OPEN', NOW(), NOW()),
  (1123, 94, DATE_ADD(CURDATE(), INTERVAL 7 DAY), 'OPEN', NOW(), NOW()),
  (1124, 94, DATE_ADD(CURDATE(), INTERVAL 8 DAY), 'OPEN', NOW(), NOW()),
  (1125, 94, DATE_ADD(CURDATE(), INTERVAL 9 DAY), 'OPEN', NOW(), NOW()),
  (1126, 94, DATE_ADD(CURDATE(), INTERVAL 10 DAY), 'OPEN', NOW(), NOW()),
  (1127, 94, DATE_ADD(CURDATE(), INTERVAL 11 DAY), 'OPEN', NOW(), NOW()),
  (1128, 94, DATE_ADD(CURDATE(), INTERVAL 12 DAY), 'OPEN', NOW(), NOW()),
  (1129, 95, DATE_ADD(CURDATE(), INTERVAL 1 DAY), 'OPEN', NOW(), NOW()),
  (1130, 95, DATE_ADD(CURDATE(), INTERVAL 2 DAY), 'OPEN', NOW(), NOW()),
  (1131, 95, DATE_ADD(CURDATE(), INTERVAL 3 DAY), 'OPEN', NOW(), NOW()),
  (1132, 95, DATE_ADD(CURDATE(), INTERVAL 4 DAY), 'OPEN', NOW(), NOW()),
  (1133, 95, DATE_ADD(CURDATE(), INTERVAL 5 DAY), 'OPEN', NOW(), NOW()),
  (1134, 95, DATE_ADD(CURDATE(), INTERVAL 6 DAY), 'OPEN', NOW(), NOW()),
  (1135, 95, DATE_ADD(CURDATE(), INTERVAL 7 DAY), 'OPEN', NOW(), NOW()),
  (1136, 95, DATE_ADD(CURDATE(), INTERVAL 8 DAY), 'OPEN', NOW(), NOW()),
  (1137, 95, DATE_ADD(CURDATE(), INTERVAL 9 DAY), 'OPEN', NOW(), NOW()),
  (1138, 95, DATE_ADD(CURDATE(), INTERVAL 10 DAY), 'OPEN', NOW(), NOW()),
  (1139, 95, DATE_ADD(CURDATE(), INTERVAL 11 DAY), 'OPEN', NOW(), NOW()),
  (1140, 95, DATE_ADD(CURDATE(), INTERVAL 12 DAY), 'OPEN', NOW(), NOW()),
  (1141, 96, DATE_ADD(CURDATE(), INTERVAL 1 DAY), 'OPEN', NOW(), NOW()),
  (1142, 96, DATE_ADD(CURDATE(), INTERVAL 2 DAY), 'OPEN', NOW(), NOW()),
  (1143, 96, DATE_ADD(CURDATE(), INTERVAL 3 DAY), 'OPEN', NOW(), NOW()),
  (1144, 96, DATE_ADD(CURDATE(), INTERVAL 4 DAY), 'OPEN', NOW(), NOW()),
  (1145, 96, DATE_ADD(CURDATE(), INTERVAL 5 DAY), 'OPEN', NOW(), NOW()),
  (1146, 96, DATE_ADD(CURDATE(), INTERVAL 6 DAY), 'OPEN', NOW(), NOW()),
  (1147, 96, DATE_ADD(CURDATE(), INTERVAL 7 DAY), 'OPEN', NOW(), NOW()),
  (1148, 96, DATE_ADD(CURDATE(), INTERVAL 8 DAY), 'OPEN', NOW(), NOW()),
  (1149, 96, DATE_ADD(CURDATE(), INTERVAL 9 DAY), 'OPEN', NOW(), NOW()),
  (1150, 96, DATE_ADD(CURDATE(), INTERVAL 10 DAY), 'OPEN', NOW(), NOW()),
  (1151, 96, DATE_ADD(CURDATE(), INTERVAL 11 DAY), 'OPEN', NOW(), NOW()),
  (1152, 96, DATE_ADD(CURDATE(), INTERVAL 12 DAY), 'OPEN', NOW(), NOW()),
  (1153, 97, DATE_ADD(CURDATE(), INTERVAL 1 DAY), 'OPEN', NOW(), NOW()),
  (1154, 97, DATE_ADD(CURDATE(), INTERVAL 2 DAY), 'OPEN', NOW(), NOW()),
  (1155, 97, DATE_ADD(CURDATE(), INTERVAL 3 DAY), 'OPEN', NOW(), NOW()),
  (1156, 97, DATE_ADD(CURDATE(), INTERVAL 4 DAY), 'OPEN', NOW(), NOW()),
  (1157, 97, DATE_ADD(CURDATE(), INTERVAL 5 DAY), 'OPEN', NOW(), NOW()),
  (1158, 97, DATE_ADD(CURDATE(), INTERVAL 6 DAY), 'OPEN', NOW(), NOW()),
  (1159, 97, DATE_ADD(CURDATE(), INTERVAL 7 DAY), 'OPEN', NOW(), NOW()),
  (1160, 97, DATE_ADD(CURDATE(), INTERVAL 8 DAY), 'OPEN', NOW(), NOW()),
  (1161, 97, DATE_ADD(CURDATE(), INTERVAL 9 DAY), 'OPEN', NOW(), NOW()),
  (1162, 97, DATE_ADD(CURDATE(), INTERVAL 10 DAY), 'OPEN', NOW(), NOW()),
  (1163, 97, DATE_ADD(CURDATE(), INTERVAL 11 DAY), 'OPEN', NOW(), NOW()),
  (1164, 97, DATE_ADD(CURDATE(), INTERVAL 12 DAY), 'OPEN', NOW(), NOW()),
  (1165, 98, DATE_ADD(CURDATE(), INTERVAL 1 DAY), 'OPEN', NOW(), NOW()),
  (1166, 98, DATE_ADD(CURDATE(), INTERVAL 2 DAY), 'OPEN', NOW(), NOW()),
  (1167, 98, DATE_ADD(CURDATE(), INTERVAL 3 DAY), 'OPEN', NOW(), NOW()),
  (1168, 98, DATE_ADD(CURDATE(), INTERVAL 4 DAY), 'OPEN', NOW(), NOW()),
  (1169, 98, DATE_ADD(CURDATE(), INTERVAL 5 DAY), 'OPEN', NOW(), NOW()),
  (1170, 98, DATE_ADD(CURDATE(), INTERVAL 6 DAY), 'OPEN', NOW(), NOW()),
  (1171, 98, DATE_ADD(CURDATE(), INTERVAL 7 DAY), 'OPEN', NOW(), NOW()),
  (1172, 98, DATE_ADD(CURDATE(), INTERVAL 8 DAY), 'OPEN', NOW(), NOW()),
  (1173, 98, DATE_ADD(CURDATE(), INTERVAL 9 DAY), 'OPEN', NOW(), NOW()),
  (1174, 98, DATE_ADD(CURDATE(), INTERVAL 10 DAY), 'OPEN', NOW(), NOW()),
  (1175, 98, DATE_ADD(CURDATE(), INTERVAL 11 DAY), 'OPEN', NOW(), NOW()),
  (1176, 98, DATE_ADD(CURDATE(), INTERVAL 12 DAY), 'OPEN', NOW(), NOW()),
  (1177, 99, DATE_ADD(CURDATE(), INTERVAL 1 DAY), 'OPEN', NOW(), NOW()),
  (1178, 99, DATE_ADD(CURDATE(), INTERVAL 2 DAY), 'OPEN', NOW(), NOW()),
  (1179, 99, DATE_ADD(CURDATE(), INTERVAL 3 DAY), 'OPEN', NOW(), NOW()),
  (1180, 99, DATE_ADD(CURDATE(), INTERVAL 4 DAY), 'OPEN', NOW(), NOW()),
  (1181, 99, DATE_ADD(CURDATE(), INTERVAL 5 DAY), 'OPEN', NOW(), NOW()),
  (1182, 99, DATE_ADD(CURDATE(), INTERVAL 6 DAY), 'OPEN', NOW(), NOW()),
  (1183, 99, DATE_ADD(CURDATE(), INTERVAL 7 DAY), 'OPEN', NOW(), NOW()),
  (1184, 99, DATE_ADD(CURDATE(), INTERVAL 8 DAY), 'OPEN', NOW(), NOW()),
  (1185, 99, DATE_ADD(CURDATE(), INTERVAL 9 DAY), 'OPEN', NOW(), NOW()),
  (1186, 99, DATE_ADD(CURDATE(), INTERVAL 10 DAY), 'OPEN', NOW(), NOW()),
  (1187, 99, DATE_ADD(CURDATE(), INTERVAL 11 DAY), 'OPEN', NOW(), NOW()),
  (1188, 99, DATE_ADD(CURDATE(), INTERVAL 12 DAY), 'OPEN', NOW(), NOW()),
  (1189, 100, DATE_ADD(CURDATE(), INTERVAL 1 DAY), 'OPEN', NOW(), NOW()),
  (1190, 100, DATE_ADD(CURDATE(), INTERVAL 2 DAY), 'OPEN', NOW(), NOW()),
  (1191, 100, DATE_ADD(CURDATE(), INTERVAL 3 DAY), 'OPEN', NOW(), NOW()),
  (1192, 100, DATE_ADD(CURDATE(), INTERVAL 4 DAY), 'OPEN', NOW(), NOW()),
  (1193, 100, DATE_ADD(CURDATE(), INTERVAL 5 DAY), 'OPEN', NOW(), NOW()),
  (1194, 100, DATE_ADD(CURDATE(), INTERVAL 6 DAY), 'OPEN', NOW(), NOW()),
  (1195, 100, DATE_ADD(CURDATE(), INTERVAL 7 DAY), 'OPEN', NOW(), NOW()),
  (1196, 100, DATE_ADD(CURDATE(), INTERVAL 8 DAY), 'OPEN', NOW(), NOW()),
  (1197, 100, DATE_ADD(CURDATE(), INTERVAL 9 DAY), 'OPEN', NOW(), NOW()),
  (1198, 100, DATE_ADD(CURDATE(), INTERVAL 10 DAY), 'OPEN', NOW(), NOW()),
  (1199, 100, DATE_ADD(CURDATE(), INTERVAL 11 DAY), 'OPEN', NOW(), NOW()),
  (1200, 100, DATE_ADD(CURDATE(), INTERVAL 12 DAY), 'OPEN', NOW(), NOW()),
  (1201, 101, DATE_ADD(CURDATE(), INTERVAL 1 DAY), 'OPEN', NOW(), NOW()),
  (1202, 101, DATE_ADD(CURDATE(), INTERVAL 2 DAY), 'OPEN', NOW(), NOW()),
  (1203, 101, DATE_ADD(CURDATE(), INTERVAL 3 DAY), 'OPEN', NOW(), NOW()),
  (1204, 101, DATE_ADD(CURDATE(), INTERVAL 4 DAY), 'OPEN', NOW(), NOW()),
  (1205, 101, DATE_ADD(CURDATE(), INTERVAL 5 DAY), 'OPEN', NOW(), NOW()),
  (1206, 101, DATE_ADD(CURDATE(), INTERVAL 6 DAY), 'OPEN', NOW(), NOW()),
  (1207, 101, DATE_ADD(CURDATE(), INTERVAL 7 DAY), 'OPEN', NOW(), NOW()),
  (1208, 101, DATE_ADD(CURDATE(), INTERVAL 8 DAY), 'OPEN', NOW(), NOW()),
  (1209, 101, DATE_ADD(CURDATE(), INTERVAL 9 DAY), 'OPEN', NOW(), NOW()),
  (1210, 101, DATE_ADD(CURDATE(), INTERVAL 10 DAY), 'OPEN', NOW(), NOW()),
  (1211, 101, DATE_ADD(CURDATE(), INTERVAL 11 DAY), 'OPEN', NOW(), NOW()),
  (1212, 101, DATE_ADD(CURDATE(), INTERVAL 12 DAY), 'OPEN', NOW(), NOW()),
  (1213, 102, DATE_ADD(CURDATE(), INTERVAL 1 DAY), 'OPEN', NOW(), NOW()),
  (1214, 102, DATE_ADD(CURDATE(), INTERVAL 2 DAY), 'OPEN', NOW(), NOW()),
  (1215, 102, DATE_ADD(CURDATE(), INTERVAL 3 DAY), 'OPEN', NOW(), NOW()),
  (1216, 102, DATE_ADD(CURDATE(), INTERVAL 4 DAY), 'OPEN', NOW(), NOW()),
  (1217, 102, DATE_ADD(CURDATE(), INTERVAL 5 DAY), 'OPEN', NOW(), NOW()),
  (1218, 102, DATE_ADD(CURDATE(), INTERVAL 6 DAY), 'OPEN', NOW(), NOW()),
  (1219, 102, DATE_ADD(CURDATE(), INTERVAL 7 DAY), 'OPEN', NOW(), NOW()),
  (1220, 102, DATE_ADD(CURDATE(), INTERVAL 8 DAY), 'OPEN', NOW(), NOW()),
  (1221, 102, DATE_ADD(CURDATE(), INTERVAL 9 DAY), 'OPEN', NOW(), NOW()),
  (1222, 102, DATE_ADD(CURDATE(), INTERVAL 10 DAY), 'OPEN', NOW(), NOW()),
  (1223, 102, DATE_ADD(CURDATE(), INTERVAL 11 DAY), 'OPEN', NOW(), NOW()),
  (1224, 102, DATE_ADD(CURDATE(), INTERVAL 12 DAY), 'OPEN', NOW(), NOW()),
  (1225, 103, DATE_ADD(CURDATE(), INTERVAL 1 DAY), 'OPEN', NOW(), NOW()),
  (1226, 103, DATE_ADD(CURDATE(), INTERVAL 2 DAY), 'OPEN', NOW(), NOW()),
  (1227, 103, DATE_ADD(CURDATE(), INTERVAL 3 DAY), 'OPEN', NOW(), NOW()),
  (1228, 103, DATE_ADD(CURDATE(), INTERVAL 4 DAY), 'OPEN', NOW(), NOW()),
  (1229, 103, DATE_ADD(CURDATE(), INTERVAL 5 DAY), 'OPEN', NOW(), NOW()),
  (1230, 103, DATE_ADD(CURDATE(), INTERVAL 6 DAY), 'OPEN', NOW(), NOW()),
  (1231, 103, DATE_ADD(CURDATE(), INTERVAL 7 DAY), 'OPEN', NOW(), NOW()),
  (1232, 103, DATE_ADD(CURDATE(), INTERVAL 8 DAY), 'OPEN', NOW(), NOW()),
  (1233, 103, DATE_ADD(CURDATE(), INTERVAL 9 DAY), 'OPEN', NOW(), NOW()),
  (1234, 103, DATE_ADD(CURDATE(), INTERVAL 10 DAY), 'OPEN', NOW(), NOW()),
  (1235, 103, DATE_ADD(CURDATE(), INTERVAL 11 DAY), 'OPEN', NOW(), NOW()),
  (1236, 103, DATE_ADD(CURDATE(), INTERVAL 12 DAY), 'OPEN', NOW(), NOW()),
  (1237, 104, DATE_ADD(CURDATE(), INTERVAL 1 DAY), 'OPEN', NOW(), NOW()),
  (1238, 104, DATE_ADD(CURDATE(), INTERVAL 2 DAY), 'OPEN', NOW(), NOW()),
  (1239, 104, DATE_ADD(CURDATE(), INTERVAL 3 DAY), 'OPEN', NOW(), NOW()),
  (1240, 104, DATE_ADD(CURDATE(), INTERVAL 4 DAY), 'OPEN', NOW(), NOW()),
  (1241, 104, DATE_ADD(CURDATE(), INTERVAL 5 DAY), 'OPEN', NOW(), NOW()),
  (1242, 104, DATE_ADD(CURDATE(), INTERVAL 6 DAY), 'OPEN', NOW(), NOW()),
  (1243, 104, DATE_ADD(CURDATE(), INTERVAL 7 DAY), 'OPEN', NOW(), NOW()),
  (1244, 104, DATE_ADD(CURDATE(), INTERVAL 8 DAY), 'OPEN', NOW(), NOW()),
  (1245, 104, DATE_ADD(CURDATE(), INTERVAL 9 DAY), 'OPEN', NOW(), NOW()),
  (1246, 104, DATE_ADD(CURDATE(), INTERVAL 10 DAY), 'OPEN', NOW(), NOW()),
  (1247, 104, DATE_ADD(CURDATE(), INTERVAL 11 DAY), 'OPEN', NOW(), NOW()),
  (1248, 104, DATE_ADD(CURDATE(), INTERVAL 12 DAY), 'OPEN', NOW(), NOW()),
  (1249, 105, DATE_ADD(CURDATE(), INTERVAL 1 DAY), 'OPEN', NOW(), NOW()),
  (1250, 105, DATE_ADD(CURDATE(), INTERVAL 2 DAY), 'OPEN', NOW(), NOW()),
  (1251, 105, DATE_ADD(CURDATE(), INTERVAL 3 DAY), 'OPEN', NOW(), NOW()),
  (1252, 105, DATE_ADD(CURDATE(), INTERVAL 4 DAY), 'OPEN', NOW(), NOW()),
  (1253, 105, DATE_ADD(CURDATE(), INTERVAL 5 DAY), 'OPEN', NOW(), NOW()),
  (1254, 105, DATE_ADD(CURDATE(), INTERVAL 6 DAY), 'OPEN', NOW(), NOW()),
  (1255, 105, DATE_ADD(CURDATE(), INTERVAL 7 DAY), 'OPEN', NOW(), NOW()),
  (1256, 105, DATE_ADD(CURDATE(), INTERVAL 8 DAY), 'OPEN', NOW(), NOW()),
  (1257, 105, DATE_ADD(CURDATE(), INTERVAL 9 DAY), 'OPEN', NOW(), NOW()),
  (1258, 105, DATE_ADD(CURDATE(), INTERVAL 10 DAY), 'OPEN', NOW(), NOW()),
  (1259, 105, DATE_ADD(CURDATE(), INTERVAL 11 DAY), 'OPEN', NOW(), NOW()),
  (1260, 105, DATE_ADD(CURDATE(), INTERVAL 12 DAY), 'OPEN', NOW(), NOW()),
  (1261, 106, DATE_ADD(CURDATE(), INTERVAL 1 DAY), 'OPEN', NOW(), NOW()),
  (1262, 106, DATE_ADD(CURDATE(), INTERVAL 2 DAY), 'OPEN', NOW(), NOW()),
  (1263, 106, DATE_ADD(CURDATE(), INTERVAL 3 DAY), 'OPEN', NOW(), NOW()),
  (1264, 106, DATE_ADD(CURDATE(), INTERVAL 4 DAY), 'OPEN', NOW(), NOW()),
  (1265, 106, DATE_ADD(CURDATE(), INTERVAL 5 DAY), 'OPEN', NOW(), NOW()),
  (1266, 106, DATE_ADD(CURDATE(), INTERVAL 6 DAY), 'OPEN', NOW(), NOW()),
  (1267, 106, DATE_ADD(CURDATE(), INTERVAL 7 DAY), 'OPEN', NOW(), NOW()),
  (1268, 106, DATE_ADD(CURDATE(), INTERVAL 8 DAY), 'OPEN', NOW(), NOW()),
  (1269, 106, DATE_ADD(CURDATE(), INTERVAL 9 DAY), 'OPEN', NOW(), NOW()),
  (1270, 106, DATE_ADD(CURDATE(), INTERVAL 10 DAY), 'OPEN', NOW(), NOW()),
  (1271, 106, DATE_ADD(CURDATE(), INTERVAL 11 DAY), 'OPEN', NOW(), NOW()),
  (1272, 106, DATE_ADD(CURDATE(), INTERVAL 12 DAY), 'OPEN', NOW(), NOW()),
  (1273, 107, DATE_ADD(CURDATE(), INTERVAL 1 DAY), 'OPEN', NOW(), NOW()),
  (1274, 107, DATE_ADD(CURDATE(), INTERVAL 2 DAY), 'OPEN', NOW(), NOW()),
  (1275, 107, DATE_ADD(CURDATE(), INTERVAL 3 DAY), 'OPEN', NOW(), NOW()),
  (1276, 107, DATE_ADD(CURDATE(), INTERVAL 4 DAY), 'OPEN', NOW(), NOW()),
  (1277, 107, DATE_ADD(CURDATE(), INTERVAL 5 DAY), 'OPEN', NOW(), NOW()),
  (1278, 107, DATE_ADD(CURDATE(), INTERVAL 6 DAY), 'OPEN', NOW(), NOW()),
  (1279, 107, DATE_ADD(CURDATE(), INTERVAL 7 DAY), 'OPEN', NOW(), NOW()),
  (1280, 107, DATE_ADD(CURDATE(), INTERVAL 8 DAY), 'OPEN', NOW(), NOW()),
  (1281, 107, DATE_ADD(CURDATE(), INTERVAL 9 DAY), 'OPEN', NOW(), NOW()),
  (1282, 107, DATE_ADD(CURDATE(), INTERVAL 10 DAY), 'OPEN', NOW(), NOW()),
  (1283, 107, DATE_ADD(CURDATE(), INTERVAL 11 DAY), 'OPEN', NOW(), NOW()),
  (1284, 107, DATE_ADD(CURDATE(), INTERVAL 12 DAY), 'OPEN', NOW(), NOW()),
  (1285, 108, DATE_ADD(CURDATE(), INTERVAL 1 DAY), 'OPEN', NOW(), NOW()),
  (1286, 108, DATE_ADD(CURDATE(), INTERVAL 2 DAY), 'OPEN', NOW(), NOW()),
  (1287, 108, DATE_ADD(CURDATE(), INTERVAL 3 DAY), 'OPEN', NOW(), NOW()),
  (1288, 108, DATE_ADD(CURDATE(), INTERVAL 4 DAY), 'OPEN', NOW(), NOW()),
  (1289, 108, DATE_ADD(CURDATE(), INTERVAL 5 DAY), 'OPEN', NOW(), NOW()),
  (1290, 108, DATE_ADD(CURDATE(), INTERVAL 6 DAY), 'OPEN', NOW(), NOW()),
  (1291, 108, DATE_ADD(CURDATE(), INTERVAL 7 DAY), 'OPEN', NOW(), NOW()),
  (1292, 108, DATE_ADD(CURDATE(), INTERVAL 8 DAY), 'OPEN', NOW(), NOW()),
  (1293, 108, DATE_ADD(CURDATE(), INTERVAL 9 DAY), 'OPEN', NOW(), NOW()),
  (1294, 108, DATE_ADD(CURDATE(), INTERVAL 10 DAY), 'OPEN', NOW(), NOW()),
  (1295, 108, DATE_ADD(CURDATE(), INTERVAL 11 DAY), 'OPEN', NOW(), NOW()),
  (1296, 108, DATE_ADD(CURDATE(), INTERVAL 12 DAY), 'OPEN', NOW(), NOW()),
  (1297, 109, DATE_ADD(CURDATE(), INTERVAL 1 DAY), 'OPEN', NOW(), NOW()),
  (1298, 109, DATE_ADD(CURDATE(), INTERVAL 2 DAY), 'OPEN', NOW(), NOW()),
  (1299, 109, DATE_ADD(CURDATE(), INTERVAL 3 DAY), 'OPEN', NOW(), NOW()),
  (1300, 109, DATE_ADD(CURDATE(), INTERVAL 4 DAY), 'OPEN', NOW(), NOW()),
  (1301, 109, DATE_ADD(CURDATE(), INTERVAL 5 DAY), 'OPEN', NOW(), NOW()),
  (1302, 109, DATE_ADD(CURDATE(), INTERVAL 6 DAY), 'OPEN', NOW(), NOW()),
  (1303, 109, DATE_ADD(CURDATE(), INTERVAL 7 DAY), 'OPEN', NOW(), NOW()),
  (1304, 109, DATE_ADD(CURDATE(), INTERVAL 8 DAY), 'OPEN', NOW(), NOW()),
  (1305, 109, DATE_ADD(CURDATE(), INTERVAL 9 DAY), 'OPEN', NOW(), NOW()),
  (1306, 109, DATE_ADD(CURDATE(), INTERVAL 10 DAY), 'OPEN', NOW(), NOW()),
  (1307, 109, DATE_ADD(CURDATE(), INTERVAL 11 DAY), 'OPEN', NOW(), NOW()),
  (1308, 109, DATE_ADD(CURDATE(), INTERVAL 12 DAY), 'OPEN', NOW(), NOW()),
  (1309, 110, DATE_ADD(CURDATE(), INTERVAL 1 DAY), 'OPEN', NOW(), NOW()),
  (1310, 110, DATE_ADD(CURDATE(), INTERVAL 2 DAY), 'OPEN', NOW(), NOW()),
  (1311, 110, DATE_ADD(CURDATE(), INTERVAL 3 DAY), 'OPEN', NOW(), NOW()),
  (1312, 110, DATE_ADD(CURDATE(), INTERVAL 4 DAY), 'OPEN', NOW(), NOW()),
  (1313, 110, DATE_ADD(CURDATE(), INTERVAL 5 DAY), 'OPEN', NOW(), NOW()),
  (1314, 110, DATE_ADD(CURDATE(), INTERVAL 6 DAY), 'OPEN', NOW(), NOW()),
  (1315, 110, DATE_ADD(CURDATE(), INTERVAL 7 DAY), 'OPEN', NOW(), NOW()),
  (1316, 110, DATE_ADD(CURDATE(), INTERVAL 8 DAY), 'OPEN', NOW(), NOW()),
  (1317, 110, DATE_ADD(CURDATE(), INTERVAL 9 DAY), 'OPEN', NOW(), NOW()),
  (1318, 110, DATE_ADD(CURDATE(), INTERVAL 10 DAY), 'OPEN', NOW(), NOW()),
  (1319, 110, DATE_ADD(CURDATE(), INTERVAL 11 DAY), 'OPEN', NOW(), NOW()),
  (1320, 110, DATE_ADD(CURDATE(), INTERVAL 12 DAY), 'OPEN', NOW(), NOW()),
  (1321, 111, DATE_ADD(CURDATE(), INTERVAL 1 DAY), 'OPEN', NOW(), NOW()),
  (1322, 111, DATE_ADD(CURDATE(), INTERVAL 2 DAY), 'OPEN', NOW(), NOW()),
  (1323, 111, DATE_ADD(CURDATE(), INTERVAL 3 DAY), 'OPEN', NOW(), NOW()),
  (1324, 111, DATE_ADD(CURDATE(), INTERVAL 4 DAY), 'OPEN', NOW(), NOW()),
  (1325, 111, DATE_ADD(CURDATE(), INTERVAL 5 DAY), 'OPEN', NOW(), NOW()),
  (1326, 111, DATE_ADD(CURDATE(), INTERVAL 6 DAY), 'OPEN', NOW(), NOW()),
  (1327, 111, DATE_ADD(CURDATE(), INTERVAL 7 DAY), 'OPEN', NOW(), NOW()),
  (1328, 111, DATE_ADD(CURDATE(), INTERVAL 8 DAY), 'OPEN', NOW(), NOW()),
  (1329, 111, DATE_ADD(CURDATE(), INTERVAL 9 DAY), 'OPEN', NOW(), NOW()),
  (1330, 111, DATE_ADD(CURDATE(), INTERVAL 10 DAY), 'OPEN', NOW(), NOW()),
  (1331, 111, DATE_ADD(CURDATE(), INTERVAL 11 DAY), 'OPEN', NOW(), NOW()),
  (1332, 111, DATE_ADD(CURDATE(), INTERVAL 12 DAY), 'OPEN', NOW(), NOW()),
  (1333, 112, DATE_ADD(CURDATE(), INTERVAL 1 DAY), 'OPEN', NOW(), NOW()),
  (1334, 112, DATE_ADD(CURDATE(), INTERVAL 2 DAY), 'OPEN', NOW(), NOW()),
  (1335, 112, DATE_ADD(CURDATE(), INTERVAL 3 DAY), 'OPEN', NOW(), NOW()),
  (1336, 112, DATE_ADD(CURDATE(), INTERVAL 4 DAY), 'OPEN', NOW(), NOW()),
  (1337, 112, DATE_ADD(CURDATE(), INTERVAL 5 DAY), 'OPEN', NOW(), NOW()),
  (1338, 112, DATE_ADD(CURDATE(), INTERVAL 6 DAY), 'OPEN', NOW(), NOW()),
  (1339, 112, DATE_ADD(CURDATE(), INTERVAL 7 DAY), 'OPEN', NOW(), NOW()),
  (1340, 112, DATE_ADD(CURDATE(), INTERVAL 8 DAY), 'OPEN', NOW(), NOW()),
  (1341, 112, DATE_ADD(CURDATE(), INTERVAL 9 DAY), 'OPEN', NOW(), NOW()),
  (1342, 112, DATE_ADD(CURDATE(), INTERVAL 10 DAY), 'OPEN', NOW(), NOW()),
  (1343, 112, DATE_ADD(CURDATE(), INTERVAL 11 DAY), 'OPEN', NOW(), NOW()),
  (1344, 112, DATE_ADD(CURDATE(), INTERVAL 12 DAY), 'OPEN', NOW(), NOW()),
  (1345, 113, DATE_ADD(CURDATE(), INTERVAL 1 DAY), 'OPEN', NOW(), NOW()),
  (1346, 113, DATE_ADD(CURDATE(), INTERVAL 2 DAY), 'OPEN', NOW(), NOW()),
  (1347, 113, DATE_ADD(CURDATE(), INTERVAL 3 DAY), 'OPEN', NOW(), NOW()),
  (1348, 113, DATE_ADD(CURDATE(), INTERVAL 4 DAY), 'OPEN', NOW(), NOW()),
  (1349, 113, DATE_ADD(CURDATE(), INTERVAL 5 DAY), 'OPEN', NOW(), NOW()),
  (1350, 113, DATE_ADD(CURDATE(), INTERVAL 6 DAY), 'OPEN', NOW(), NOW()),
  (1351, 113, DATE_ADD(CURDATE(), INTERVAL 7 DAY), 'OPEN', NOW(), NOW()),
  (1352, 113, DATE_ADD(CURDATE(), INTERVAL 8 DAY), 'OPEN', NOW(), NOW()),
  (1353, 113, DATE_ADD(CURDATE(), INTERVAL 9 DAY), 'OPEN', NOW(), NOW()),
  (1354, 113, DATE_ADD(CURDATE(), INTERVAL 10 DAY), 'OPEN', NOW(), NOW()),
  (1355, 113, DATE_ADD(CURDATE(), INTERVAL 11 DAY), 'OPEN', NOW(), NOW()),
  (1356, 113, DATE_ADD(CURDATE(), INTERVAL 12 DAY), 'OPEN', NOW(), NOW()),
  (1357, 114, DATE_ADD(CURDATE(), INTERVAL 1 DAY), 'OPEN', NOW(), NOW()),
  (1358, 114, DATE_ADD(CURDATE(), INTERVAL 2 DAY), 'OPEN', NOW(), NOW()),
  (1359, 114, DATE_ADD(CURDATE(), INTERVAL 3 DAY), 'OPEN', NOW(), NOW()),
  (1360, 114, DATE_ADD(CURDATE(), INTERVAL 4 DAY), 'OPEN', NOW(), NOW()),
  (1361, 114, DATE_ADD(CURDATE(), INTERVAL 5 DAY), 'OPEN', NOW(), NOW()),
  (1362, 114, DATE_ADD(CURDATE(), INTERVAL 6 DAY), 'OPEN', NOW(), NOW()),
  (1363, 114, DATE_ADD(CURDATE(), INTERVAL 7 DAY), 'OPEN', NOW(), NOW()),
  (1364, 114, DATE_ADD(CURDATE(), INTERVAL 8 DAY), 'OPEN', NOW(), NOW()),
  (1365, 114, DATE_ADD(CURDATE(), INTERVAL 9 DAY), 'OPEN', NOW(), NOW()),
  (1366, 114, DATE_ADD(CURDATE(), INTERVAL 10 DAY), 'OPEN', NOW(), NOW()),
  (1367, 114, DATE_ADD(CURDATE(), INTERVAL 11 DAY), 'OPEN', NOW(), NOW()),
  (1368, 114, DATE_ADD(CURDATE(), INTERVAL 12 DAY), 'OPEN', NOW(), NOW()),
  (1369, 115, DATE_ADD(CURDATE(), INTERVAL 1 DAY), 'OPEN', NOW(), NOW()),
  (1370, 115, DATE_ADD(CURDATE(), INTERVAL 2 DAY), 'OPEN', NOW(), NOW()),
  (1371, 115, DATE_ADD(CURDATE(), INTERVAL 3 DAY), 'OPEN', NOW(), NOW()),
  (1372, 115, DATE_ADD(CURDATE(), INTERVAL 4 DAY), 'OPEN', NOW(), NOW()),
  (1373, 115, DATE_ADD(CURDATE(), INTERVAL 5 DAY), 'OPEN', NOW(), NOW()),
  (1374, 115, DATE_ADD(CURDATE(), INTERVAL 6 DAY), 'OPEN', NOW(), NOW()),
  (1375, 115, DATE_ADD(CURDATE(), INTERVAL 7 DAY), 'OPEN', NOW(), NOW()),
  (1376, 115, DATE_ADD(CURDATE(), INTERVAL 8 DAY), 'OPEN', NOW(), NOW()),
  (1377, 115, DATE_ADD(CURDATE(), INTERVAL 9 DAY), 'OPEN', NOW(), NOW()),
  (1378, 115, DATE_ADD(CURDATE(), INTERVAL 10 DAY), 'OPEN', NOW(), NOW()),
  (1379, 115, DATE_ADD(CURDATE(), INTERVAL 11 DAY), 'OPEN', NOW(), NOW()),
  (1380, 115, DATE_ADD(CURDATE(), INTERVAL 12 DAY), 'OPEN', NOW(), NOW()),
  (1381, 116, DATE_ADD(CURDATE(), INTERVAL 1 DAY), 'OPEN', NOW(), NOW()),
  (1382, 116, DATE_ADD(CURDATE(), INTERVAL 2 DAY), 'OPEN', NOW(), NOW()),
  (1383, 116, DATE_ADD(CURDATE(), INTERVAL 3 DAY), 'OPEN', NOW(), NOW()),
  (1384, 116, DATE_ADD(CURDATE(), INTERVAL 4 DAY), 'OPEN', NOW(), NOW()),
  (1385, 116, DATE_ADD(CURDATE(), INTERVAL 5 DAY), 'OPEN', NOW(), NOW()),
  (1386, 116, DATE_ADD(CURDATE(), INTERVAL 6 DAY), 'OPEN', NOW(), NOW()),
  (1387, 116, DATE_ADD(CURDATE(), INTERVAL 7 DAY), 'OPEN', NOW(), NOW()),
  (1388, 116, DATE_ADD(CURDATE(), INTERVAL 8 DAY), 'OPEN', NOW(), NOW()),
  (1389, 116, DATE_ADD(CURDATE(), INTERVAL 9 DAY), 'OPEN', NOW(), NOW()),
  (1390, 116, DATE_ADD(CURDATE(), INTERVAL 10 DAY), 'OPEN', NOW(), NOW()),
  (1391, 116, DATE_ADD(CURDATE(), INTERVAL 11 DAY), 'OPEN', NOW(), NOW()),
  (1392, 116, DATE_ADD(CURDATE(), INTERVAL 12 DAY), 'OPEN', NOW(), NOW()),
  (1393, 117, DATE_ADD(CURDATE(), INTERVAL 1 DAY), 'OPEN', NOW(), NOW()),
  (1394, 117, DATE_ADD(CURDATE(), INTERVAL 2 DAY), 'OPEN', NOW(), NOW()),
  (1395, 117, DATE_ADD(CURDATE(), INTERVAL 3 DAY), 'OPEN', NOW(), NOW()),
  (1396, 117, DATE_ADD(CURDATE(), INTERVAL 4 DAY), 'OPEN', NOW(), NOW()),
  (1397, 117, DATE_ADD(CURDATE(), INTERVAL 5 DAY), 'OPEN', NOW(), NOW()),
  (1398, 117, DATE_ADD(CURDATE(), INTERVAL 6 DAY), 'OPEN', NOW(), NOW()),
  (1399, 117, DATE_ADD(CURDATE(), INTERVAL 7 DAY), 'OPEN', NOW(), NOW()),
  (1400, 117, DATE_ADD(CURDATE(), INTERVAL 8 DAY), 'OPEN', NOW(), NOW()),
  (1401, 117, DATE_ADD(CURDATE(), INTERVAL 9 DAY), 'OPEN', NOW(), NOW()),
  (1402, 117, DATE_ADD(CURDATE(), INTERVAL 10 DAY), 'OPEN', NOW(), NOW()),
  (1403, 117, DATE_ADD(CURDATE(), INTERVAL 11 DAY), 'OPEN', NOW(), NOW()),
  (1404, 117, DATE_ADD(CURDATE(), INTERVAL 12 DAY), 'OPEN', NOW(), NOW()),
  (1405, 118, DATE_ADD(CURDATE(), INTERVAL 1 DAY), 'OPEN', NOW(), NOW()),
  (1406, 118, DATE_ADD(CURDATE(), INTERVAL 2 DAY), 'OPEN', NOW(), NOW()),
  (1407, 118, DATE_ADD(CURDATE(), INTERVAL 3 DAY), 'OPEN', NOW(), NOW()),
  (1408, 118, DATE_ADD(CURDATE(), INTERVAL 4 DAY), 'OPEN', NOW(), NOW()),
  (1409, 118, DATE_ADD(CURDATE(), INTERVAL 5 DAY), 'OPEN', NOW(), NOW()),
  (1410, 118, DATE_ADD(CURDATE(), INTERVAL 6 DAY), 'OPEN', NOW(), NOW()),
  (1411, 118, DATE_ADD(CURDATE(), INTERVAL 7 DAY), 'OPEN', NOW(), NOW()),
  (1412, 118, DATE_ADD(CURDATE(), INTERVAL 8 DAY), 'OPEN', NOW(), NOW()),
  (1413, 118, DATE_ADD(CURDATE(), INTERVAL 9 DAY), 'OPEN', NOW(), NOW()),
  (1414, 118, DATE_ADD(CURDATE(), INTERVAL 10 DAY), 'OPEN', NOW(), NOW()),
  (1415, 118, DATE_ADD(CURDATE(), INTERVAL 11 DAY), 'OPEN', NOW(), NOW()),
  (1416, 118, DATE_ADD(CURDATE(), INTERVAL 12 DAY), 'OPEN', NOW(), NOW()),
  (1417, 119, DATE_ADD(CURDATE(), INTERVAL 1 DAY), 'OPEN', NOW(), NOW()),
  (1418, 119, DATE_ADD(CURDATE(), INTERVAL 2 DAY), 'OPEN', NOW(), NOW()),
  (1419, 119, DATE_ADD(CURDATE(), INTERVAL 3 DAY), 'OPEN', NOW(), NOW()),
  (1420, 119, DATE_ADD(CURDATE(), INTERVAL 4 DAY), 'OPEN', NOW(), NOW()),
  (1421, 119, DATE_ADD(CURDATE(), INTERVAL 5 DAY), 'OPEN', NOW(), NOW()),
  (1422, 119, DATE_ADD(CURDATE(), INTERVAL 6 DAY), 'OPEN', NOW(), NOW()),
  (1423, 119, DATE_ADD(CURDATE(), INTERVAL 7 DAY), 'OPEN', NOW(), NOW()),
  (1424, 119, DATE_ADD(CURDATE(), INTERVAL 8 DAY), 'OPEN', NOW(), NOW()),
  (1425, 119, DATE_ADD(CURDATE(), INTERVAL 9 DAY), 'OPEN', NOW(), NOW()),
  (1426, 119, DATE_ADD(CURDATE(), INTERVAL 10 DAY), 'OPEN', NOW(), NOW()),
  (1427, 119, DATE_ADD(CURDATE(), INTERVAL 11 DAY), 'OPEN', NOW(), NOW()),
  (1428, 119, DATE_ADD(CURDATE(), INTERVAL 12 DAY), 'OPEN', NOW(), NOW()),
  (1429, 120, DATE_ADD(CURDATE(), INTERVAL 1 DAY), 'OPEN', NOW(), NOW()),
  (1430, 120, DATE_ADD(CURDATE(), INTERVAL 2 DAY), 'OPEN', NOW(), NOW()),
  (1431, 120, DATE_ADD(CURDATE(), INTERVAL 3 DAY), 'OPEN', NOW(), NOW()),
  (1432, 120, DATE_ADD(CURDATE(), INTERVAL 4 DAY), 'OPEN', NOW(), NOW()),
  (1433, 120, DATE_ADD(CURDATE(), INTERVAL 5 DAY), 'OPEN', NOW(), NOW()),
  (1434, 120, DATE_ADD(CURDATE(), INTERVAL 6 DAY), 'OPEN', NOW(), NOW()),
  (1435, 120, DATE_ADD(CURDATE(), INTERVAL 7 DAY), 'OPEN', NOW(), NOW()),
  (1436, 120, DATE_ADD(CURDATE(), INTERVAL 8 DAY), 'OPEN', NOW(), NOW()),
  (1437, 120, DATE_ADD(CURDATE(), INTERVAL 9 DAY), 'OPEN', NOW(), NOW()),
  (1438, 120, DATE_ADD(CURDATE(), INTERVAL 10 DAY), 'OPEN', NOW(), NOW()),
  (1439, 120, DATE_ADD(CURDATE(), INTERVAL 11 DAY), 'OPEN', NOW(), NOW()),
  (1440, 120, DATE_ADD(CURDATE(), INTERVAL 12 DAY), 'OPEN', NOW(), NOW()),
  (1441, 121, DATE_ADD(CURDATE(), INTERVAL 1 DAY), 'OPEN', NOW(), NOW()),
  (1442, 121, DATE_ADD(CURDATE(), INTERVAL 2 DAY), 'OPEN', NOW(), NOW()),
  (1443, 121, DATE_ADD(CURDATE(), INTERVAL 3 DAY), 'OPEN', NOW(), NOW()),
  (1444, 121, DATE_ADD(CURDATE(), INTERVAL 4 DAY), 'OPEN', NOW(), NOW()),
  (1445, 121, DATE_ADD(CURDATE(), INTERVAL 5 DAY), 'OPEN', NOW(), NOW()),
  (1446, 121, DATE_ADD(CURDATE(), INTERVAL 6 DAY), 'OPEN', NOW(), NOW()),
  (1447, 121, DATE_ADD(CURDATE(), INTERVAL 7 DAY), 'OPEN', NOW(), NOW()),
  (1448, 121, DATE_ADD(CURDATE(), INTERVAL 8 DAY), 'OPEN', NOW(), NOW()),
  (1449, 121, DATE_ADD(CURDATE(), INTERVAL 9 DAY), 'OPEN', NOW(), NOW()),
  (1450, 121, DATE_ADD(CURDATE(), INTERVAL 10 DAY), 'OPEN', NOW(), NOW()),
  (1451, 121, DATE_ADD(CURDATE(), INTERVAL 11 DAY), 'OPEN', NOW(), NOW()),
  (1452, 121, DATE_ADD(CURDATE(), INTERVAL 12 DAY), 'OPEN', NOW(), NOW()),
  (1453, 122, DATE_ADD(CURDATE(), INTERVAL 1 DAY), 'OPEN', NOW(), NOW()),
  (1454, 122, DATE_ADD(CURDATE(), INTERVAL 2 DAY), 'OPEN', NOW(), NOW()),
  (1455, 122, DATE_ADD(CURDATE(), INTERVAL 3 DAY), 'OPEN', NOW(), NOW()),
  (1456, 122, DATE_ADD(CURDATE(), INTERVAL 4 DAY), 'OPEN', NOW(), NOW()),
  (1457, 122, DATE_ADD(CURDATE(), INTERVAL 5 DAY), 'OPEN', NOW(), NOW()),
  (1458, 122, DATE_ADD(CURDATE(), INTERVAL 6 DAY), 'OPEN', NOW(), NOW()),
  (1459, 122, DATE_ADD(CURDATE(), INTERVAL 7 DAY), 'OPEN', NOW(), NOW()),
  (1460, 122, DATE_ADD(CURDATE(), INTERVAL 8 DAY), 'OPEN', NOW(), NOW()),
  (1461, 122, DATE_ADD(CURDATE(), INTERVAL 9 DAY), 'OPEN', NOW(), NOW()),
  (1462, 122, DATE_ADD(CURDATE(), INTERVAL 10 DAY), 'OPEN', NOW(), NOW()),
  (1463, 122, DATE_ADD(CURDATE(), INTERVAL 11 DAY), 'OPEN', NOW(), NOW()),
  (1464, 122, DATE_ADD(CURDATE(), INTERVAL 12 DAY), 'OPEN', NOW(), NOW()),
  (1465, 123, DATE_ADD(CURDATE(), INTERVAL 1 DAY), 'OPEN', NOW(), NOW()),
  (1466, 123, DATE_ADD(CURDATE(), INTERVAL 2 DAY), 'OPEN', NOW(), NOW()),
  (1467, 123, DATE_ADD(CURDATE(), INTERVAL 3 DAY), 'OPEN', NOW(), NOW()),
  (1468, 123, DATE_ADD(CURDATE(), INTERVAL 4 DAY), 'OPEN', NOW(), NOW()),
  (1469, 123, DATE_ADD(CURDATE(), INTERVAL 5 DAY), 'OPEN', NOW(), NOW()),
  (1470, 123, DATE_ADD(CURDATE(), INTERVAL 6 DAY), 'OPEN', NOW(), NOW()),
  (1471, 123, DATE_ADD(CURDATE(), INTERVAL 7 DAY), 'OPEN', NOW(), NOW()),
  (1472, 123, DATE_ADD(CURDATE(), INTERVAL 8 DAY), 'OPEN', NOW(), NOW()),
  (1473, 123, DATE_ADD(CURDATE(), INTERVAL 9 DAY), 'OPEN', NOW(), NOW()),
  (1474, 123, DATE_ADD(CURDATE(), INTERVAL 10 DAY), 'OPEN', NOW(), NOW()),
  (1475, 123, DATE_ADD(CURDATE(), INTERVAL 11 DAY), 'OPEN', NOW(), NOW()),
  (1476, 123, DATE_ADD(CURDATE(), INTERVAL 12 DAY), 'OPEN', NOW(), NOW()),
  (1477, 124, DATE_ADD(CURDATE(), INTERVAL 1 DAY), 'OPEN', NOW(), NOW()),
  (1478, 124, DATE_ADD(CURDATE(), INTERVAL 2 DAY), 'OPEN', NOW(), NOW()),
  (1479, 124, DATE_ADD(CURDATE(), INTERVAL 3 DAY), 'OPEN', NOW(), NOW()),
  (1480, 124, DATE_ADD(CURDATE(), INTERVAL 4 DAY), 'OPEN', NOW(), NOW()),
  (1481, 124, DATE_ADD(CURDATE(), INTERVAL 5 DAY), 'OPEN', NOW(), NOW()),
  (1482, 124, DATE_ADD(CURDATE(), INTERVAL 6 DAY), 'OPEN', NOW(), NOW()),
  (1483, 124, DATE_ADD(CURDATE(), INTERVAL 7 DAY), 'OPEN', NOW(), NOW()),
  (1484, 124, DATE_ADD(CURDATE(), INTERVAL 8 DAY), 'OPEN', NOW(), NOW()),
  (1485, 124, DATE_ADD(CURDATE(), INTERVAL 9 DAY), 'OPEN', NOW(), NOW()),
  (1486, 124, DATE_ADD(CURDATE(), INTERVAL 10 DAY), 'OPEN', NOW(), NOW()),
  (1487, 124, DATE_ADD(CURDATE(), INTERVAL 11 DAY), 'OPEN', NOW(), NOW()),
  (1488, 124, DATE_ADD(CURDATE(), INTERVAL 12 DAY), 'OPEN', NOW(), NOW()),
  (1489, 125, DATE_ADD(CURDATE(), INTERVAL 1 DAY), 'OPEN', NOW(), NOW()),
  (1490, 125, DATE_ADD(CURDATE(), INTERVAL 2 DAY), 'OPEN', NOW(), NOW()),
  (1491, 125, DATE_ADD(CURDATE(), INTERVAL 3 DAY), 'OPEN', NOW(), NOW()),
  (1492, 125, DATE_ADD(CURDATE(), INTERVAL 4 DAY), 'OPEN', NOW(), NOW()),
  (1493, 125, DATE_ADD(CURDATE(), INTERVAL 5 DAY), 'OPEN', NOW(), NOW()),
  (1494, 125, DATE_ADD(CURDATE(), INTERVAL 6 DAY), 'OPEN', NOW(), NOW()),
  (1495, 125, DATE_ADD(CURDATE(), INTERVAL 7 DAY), 'OPEN', NOW(), NOW()),
  (1496, 125, DATE_ADD(CURDATE(), INTERVAL 8 DAY), 'OPEN', NOW(), NOW()),
  (1497, 125, DATE_ADD(CURDATE(), INTERVAL 9 DAY), 'OPEN', NOW(), NOW()),
  (1498, 125, DATE_ADD(CURDATE(), INTERVAL 10 DAY), 'OPEN', NOW(), NOW()),
  (1499, 125, DATE_ADD(CURDATE(), INTERVAL 11 DAY), 'OPEN', NOW(), NOW()),
  (1500, 125, DATE_ADD(CURDATE(), INTERVAL 12 DAY), 'OPEN', NOW(), NOW()),
  (1501, 126, DATE_ADD(CURDATE(), INTERVAL 1 DAY), 'OPEN', NOW(), NOW()),
  (1502, 126, DATE_ADD(CURDATE(), INTERVAL 2 DAY), 'OPEN', NOW(), NOW()),
  (1503, 126, DATE_ADD(CURDATE(), INTERVAL 3 DAY), 'OPEN', NOW(), NOW()),
  (1504, 126, DATE_ADD(CURDATE(), INTERVAL 4 DAY), 'OPEN', NOW(), NOW()),
  (1505, 126, DATE_ADD(CURDATE(), INTERVAL 5 DAY), 'OPEN', NOW(), NOW()),
  (1506, 126, DATE_ADD(CURDATE(), INTERVAL 6 DAY), 'OPEN', NOW(), NOW()),
  (1507, 126, DATE_ADD(CURDATE(), INTERVAL 7 DAY), 'OPEN', NOW(), NOW()),
  (1508, 126, DATE_ADD(CURDATE(), INTERVAL 8 DAY), 'OPEN', NOW(), NOW()),
  (1509, 126, DATE_ADD(CURDATE(), INTERVAL 9 DAY), 'OPEN', NOW(), NOW()),
  (1510, 126, DATE_ADD(CURDATE(), INTERVAL 10 DAY), 'OPEN', NOW(), NOW()),
  (1511, 126, DATE_ADD(CURDATE(), INTERVAL 11 DAY), 'OPEN', NOW(), NOW()),
  (1512, 126, DATE_ADD(CURDATE(), INTERVAL 12 DAY), 'OPEN', NOW(), NOW()),
  (1513, 127, DATE_ADD(CURDATE(), INTERVAL 1 DAY), 'OPEN', NOW(), NOW()),
  (1514, 127, DATE_ADD(CURDATE(), INTERVAL 2 DAY), 'OPEN', NOW(), NOW()),
  (1515, 127, DATE_ADD(CURDATE(), INTERVAL 3 DAY), 'OPEN', NOW(), NOW()),
  (1516, 127, DATE_ADD(CURDATE(), INTERVAL 4 DAY), 'OPEN', NOW(), NOW()),
  (1517, 127, DATE_ADD(CURDATE(), INTERVAL 5 DAY), 'OPEN', NOW(), NOW()),
  (1518, 127, DATE_ADD(CURDATE(), INTERVAL 6 DAY), 'OPEN', NOW(), NOW()),
  (1519, 127, DATE_ADD(CURDATE(), INTERVAL 7 DAY), 'OPEN', NOW(), NOW()),
  (1520, 127, DATE_ADD(CURDATE(), INTERVAL 8 DAY), 'OPEN', NOW(), NOW()),
  (1521, 127, DATE_ADD(CURDATE(), INTERVAL 9 DAY), 'OPEN', NOW(), NOW()),
  (1522, 127, DATE_ADD(CURDATE(), INTERVAL 10 DAY), 'OPEN', NOW(), NOW()),
  (1523, 127, DATE_ADD(CURDATE(), INTERVAL 11 DAY), 'OPEN', NOW(), NOW()),
  (1524, 127, DATE_ADD(CURDATE(), INTERVAL 12 DAY), 'OPEN', NOW(), NOW()),
  (1525, 128, DATE_ADD(CURDATE(), INTERVAL 1 DAY), 'OPEN', NOW(), NOW()),
  (1526, 128, DATE_ADD(CURDATE(), INTERVAL 2 DAY), 'OPEN', NOW(), NOW()),
  (1527, 128, DATE_ADD(CURDATE(), INTERVAL 3 DAY), 'OPEN', NOW(), NOW()),
  (1528, 128, DATE_ADD(CURDATE(), INTERVAL 4 DAY), 'OPEN', NOW(), NOW()),
  (1529, 128, DATE_ADD(CURDATE(), INTERVAL 5 DAY), 'OPEN', NOW(), NOW()),
  (1530, 128, DATE_ADD(CURDATE(), INTERVAL 6 DAY), 'OPEN', NOW(), NOW()),
  (1531, 128, DATE_ADD(CURDATE(), INTERVAL 7 DAY), 'OPEN', NOW(), NOW()),
  (1532, 128, DATE_ADD(CURDATE(), INTERVAL 8 DAY), 'OPEN', NOW(), NOW()),
  (1533, 128, DATE_ADD(CURDATE(), INTERVAL 9 DAY), 'OPEN', NOW(), NOW()),
  (1534, 128, DATE_ADD(CURDATE(), INTERVAL 10 DAY), 'OPEN', NOW(), NOW()),
  (1535, 128, DATE_ADD(CURDATE(), INTERVAL 11 DAY), 'OPEN', NOW(), NOW()),
  (1536, 128, DATE_ADD(CURDATE(), INTERVAL 12 DAY), 'OPEN', NOW(), NOW())
ON DUPLICATE KEY UPDATE
  product_id = VALUES(product_id),
  available_date = VALUES(available_date),
  status = VALUES(status),
  updated_at = VALUES(updated_at);

SET FOREIGN_KEY_CHECKS = 1;
